/*
 Navicat Premium Data Transfer

 Source Server         : incaca
 Source Server Type    : MySQL
 Source Server Version : 50736
 Source Host           : localhost:3306
 Source Schema         : luntan_system

 Target Server Type    : MySQL
 Target Server Version : 50736
 File Encoding         : 65001

 Date: 07/06/2023 10:25:53
*/

SET NAMES utf8mb4;
SET FOREIGN_KEY_CHECKS = 0;

-- ----------------------------
-- Table structure for admin
-- ----------------------------
DROP TABLE IF EXISTS `admin`;
CREATE TABLE `admin`  (
  `id` int(11) NOT NULL AUTO_INCREMENT,
  `name` char(20) CHARACTER SET utf8 COLLATE utf8_general_ci NULL DEFAULT NULL,
  `password` varchar(20) CHARACTER SET utf8 COLLATE utf8_general_ci NULL DEFAULT NULL,
  `phone` varchar(20) CHARACTER SET utf8 COLLATE utf8_general_ci NULL DEFAULT NULL,
  `mail` varchar(20) CHARACTER SET utf8 COLLATE utf8_general_ci NULL DEFAULT NULL,
  PRIMARY KEY (`id`) USING BTREE
) ENGINE = InnoDB AUTO_INCREMENT = 2 CHARACTER SET = utf8 COLLATE = utf8_general_ci ROW_FORMAT = Dynamic;

-- ----------------------------
-- Records of admin
-- ----------------------------
INSERT INTO `admin` VALUES (1, '菠菜', '123456', '15014941566', '1010947966@qq.com');

-- ----------------------------
-- Table structure for bankuai
-- ----------------------------
DROP TABLE IF EXISTS `bankuai`;
CREATE TABLE `bankuai`  (
  `id` int(11) NOT NULL AUTO_INCREMENT,
  `name` varchar(30) CHARACTER SET utf8 COLLATE utf8_general_ci NULL DEFAULT NULL,
  `date` date NULL DEFAULT NULL,
  PRIMARY KEY (`id`) USING BTREE,
  INDEX `name`(`name`) USING BTREE
) ENGINE = InnoDB AUTO_INCREMENT = 26 CHARACTER SET = utf8 COLLATE = utf8_general_ci ROW_FORMAT = Dynamic;

-- ----------------------------
-- Records of bankuai
-- ----------------------------
INSERT INTO `bankuai` VALUES (1, '世界杯', '2022-12-01');
INSERT INTO `bankuai` VALUES (2, '原神', '2022-12-16');
INSERT INTO `bankuai` VALUES (3, 'CS:GO', '2022-12-16');
INSERT INTO `bankuai` VALUES (4, 'Java', '2022-12-16');
INSERT INTO `bankuai` VALUES (5, 'VUE', '2022-12-01');
INSERT INTO `bankuai` VALUES (6, 'Python', '2022-12-17');
INSERT INTO `bankuai` VALUES (7, 'Mirror', '2022-12-16');
INSERT INTO `bankuai` VALUES (8, '微信', '2022-12-16');
INSERT INTO `bankuai` VALUES (9, 'IDEA', '2022-12-16');
INSERT INTO `bankuai` VALUES (10, '星空', '2022-12-16');
INSERT INTO `bankuai` VALUES (11, '户外', '2022-12-16');
INSERT INTO `bankuai` VALUES (12, '跑步', '2022-12-16');
INSERT INTO `bankuai` VALUES (13, '游泳健身', '2022-12-16');
INSERT INTO `bankuai` VALUES (14, 'COSPLAY', '2022-12-16');
INSERT INTO `bankuai` VALUES (15, '篮球', '2022-12-16');
INSERT INTO `bankuai` VALUES (16, '排球', '2022-12-16');
INSERT INTO `bankuai` VALUES (17, '图拉丁', '2022-12-16');
INSERT INTO `bankuai` VALUES (18, '显卡', '2022-12-16');
INSERT INTO `bankuai` VALUES (19, '星秀', '2022-12-16');
INSERT INTO `bankuai` VALUES (20, '卡丁车', '2022-12-16');
INSERT INTO `bankuai` VALUES (21, '过山车', '2022-12-16');
INSERT INTO `bankuai` VALUES (22, '抹茶', '2022-12-16');
INSERT INTO `bankuai` VALUES (23, '真人cs', '2022-12-16');
INSERT INTO `bankuai` VALUES (24, '摩旅穿越', '2022-12-16');
INSERT INTO `bankuai` VALUES (25, '星际穿越', '2022-12-16');

-- ----------------------------
-- Table structure for comment
-- ----------------------------
DROP TABLE IF EXISTS `comment`;
CREATE TABLE `comment`  (
  `id` int(11) NOT NULL AUTO_INCREMENT COMMENT '评论id',
  `postId` int(11) NULL DEFAULT NULL COMMENT '帖子ID\r\n',
  `content` text CHARACTER SET utf8 COLLATE utf8_general_ci NULL COMMENT '评论内容',
  `date` datetime(0) NULL DEFAULT NULL COMMENT '评论时间',
  `hits` int(11) NULL DEFAULT NULL COMMENT '点赞数',
  `commenter` varchar(255) CHARACTER SET utf8 COLLATE utf8_general_ci NULL DEFAULT NULL COMMENT '评论者',
  PRIMARY KEY (`id`) USING BTREE,
  INDEX `postId`(`postId`) USING BTREE,
  CONSTRAINT `comment_ibfk_1` FOREIGN KEY (`postId`) REFERENCES `post` (`id`) ON DELETE CASCADE ON UPDATE CASCADE
) ENGINE = InnoDB AUTO_INCREMENT = 40 CHARACTER SET = latin1 COLLATE = latin1_swedish_ci ROW_FORMAT = Dynamic;

-- ----------------------------
-- Records of comment
-- ----------------------------
INSERT INTO `comment` VALUES (1, 8, '这个帖子真不错', '2023-05-14 18:00:28', 135, '杨槟成');
INSERT INTO `comment` VALUES (2, 8, 'asd', '2023-05-14 18:00:28', 1233, '徐俊伟');
INSERT INTO `comment` VALUES (3, 8, '这个帖子真不错', '2023-05-14 18:00:28', 445, '蔡徐坤');
INSERT INTO `comment` VALUES (4, 8, '这个帖子真不错', '2023-05-14 18:00:28', 14, 'elige');
INSERT INTO `comment` VALUES (5, 1, '这个帖子真不错', '2023-05-14 18:00:28', 123, 'elige');
INSERT INTO `comment` VALUES (27, 21, '111', '2023-05-18 22:37:02', 1, '春日簿');
INSERT INTO `comment` VALUES (28, 21, 'meiyou', '2023-05-18 22:37:12', 0, '春日簿');
INSERT INTO `comment` VALUES (29, 12, '很奇怪', '2023-05-18 22:37:56', 0, '春日簿');
INSERT INTO `comment` VALUES (32, 12, '22', '2023-05-18 22:45:45', 0, '春日簿');
INSERT INTO `comment` VALUES (37, 1152, '今天的宵宫是无敌的！！', '2023-06-06 08:41:11', 0, '春日簿');
INSERT INTO `comment` VALUES (38, 1152, '是的，汤姆，她击中了我的心', '2023-06-06 08:41:25', 0, '春日簿');
INSERT INTO `comment` VALUES (39, 1152, 'nihao11', '2023-06-06 09:49:45', 0, '春日簿');

-- ----------------------------
-- Table structure for post
-- ----------------------------
DROP TABLE IF EXISTS `post`;
CREATE TABLE `post`  (
  `id` int(11) NOT NULL AUTO_INCREMENT,
  `title` varchar(80) CHARACTER SET utf8 COLLATE utf8_general_ci NOT NULL COMMENT '标题',
  `content` longtext CHARACTER SET utf8 COLLATE utf8_general_ci NOT NULL COMMENT '内容',
  `poster` varchar(20) CHARACTER SET utf8 COLLATE utf8_general_ci NULL DEFAULT NULL COMMENT '发帖人',
  `secionId` int(11) NULL DEFAULT NULL COMMENT '版块id',
  `imgUrl` varchar(500) CHARACTER SET utf8 COLLATE utf8_general_ci NULL DEFAULT NULL COMMENT '图片地址',
  `date` datetime(0) NULL DEFAULT NULL COMMENT '发布时间',
  `hits` int(11) NULL DEFAULT NULL COMMENT '点击量',
  `commentsNum` int(11) NULL DEFAULT NULL COMMENT '评论数',
  PRIMARY KEY (`id`) USING BTREE,
  INDEX `secionId`(`secionId`) USING BTREE,
  CONSTRAINT `post_ibfk_1` FOREIGN KEY (`secionId`) REFERENCES `bankuai` (`id`) ON DELETE CASCADE ON UPDATE CASCADE
) ENGINE = InnoDB AUTO_INCREMENT = 1155 CHARACTER SET = utf8 COLLATE = utf8_general_ci ROW_FORMAT = Dynamic;

-- ----------------------------
-- Records of post
-- ----------------------------
INSERT INTO `post` VALUES (1, 'python二叉树原理实现简易计算器 ?', '楼主是编程初学者，在学到二叉树基本原理实现四则运算时，尝试进行tk代码做带界面的简易计算器编程，可是在click函数创建时并不是很清晰，在互联网上找到的其他代码都不是很满意，想问问大家该如何处理界面点击以及开始运算的环节?\r\n我的想法是\r\n点击—触发点击函数—加入小字符串—点击=符号—输出至运算树函数——输出至显示\r\n中间不知道该如何代码实现，希望大佬们不吝赐教', '杨槟成', 6, 'https://img-blog.csdnimg.cn/20200513213356628.png?x-oss-process=image/watermark,type_ZmFuZ3poZW5naGVpdGk,shadow_10,text_aHR0cHM6Ly9ibG9nLmNzZG4ubmV0L3UwMTMzNTA0OTU=,size_16,color_FFFFFF,t_70', NULL, 456, NULL);
INSERT INTO `post` VALUES (3, 'V3.3原石获取·新角色·新玩法 | 攻略速递', '各位旅行者好久不见！\r\n\r\n \r\n\r\n3.3版本已经和大家见面了，bot已经沉迷七圣召唤无法自拔了，不知道各位旅行者有没有开始体验这一全新玩法呢？\r\n\r\n>>前往游戏中心，更新原神新版本<<\r\n*PC端的旅行者们需要下载米游社App再打开上方链接\r\n\r\n  \r\n\r\n说回正题，bot为大家带来了新版本的攻略内容速递，一起来看看吧！\r\n\r\n \r\n\r\n┏\r\n\r\nv3.3原石获取统计\r\n┛ \r\n\r\n  \r\n\r\n第一部分当然是各位旅行者心心念念的原石收益了！bot根据经验估算了一下，先上结果：\r\n\r\nv3.3原石基础收益预计：原石*7450，纠缠之缘*5，相遇之缘*10\r\n\r\n所有数值均为bot预估，不保证最终数量', '徐俊伟', 2, 'https://img-blog.csdnimg.cn/20200513213356628.png?x-oss-process=image/watermark,type_ZmFuZ3poZW5naGVpdGk,shadow_10,text_aHR0cHM6Ly9ibG9nLmNzZG4ubmV0L3UwMTMzNTA0OTU=,size_16,color_FFFFFF,t_70', NULL, 10000, NULL);
INSERT INTO `post` VALUES (4, '【V3.3攻略·活动攻略】「秋津森夜试胆会」活动介绍', '活动简介\r\n消息灵通的派蒙打听到了一场新奇的活动——由社奉行主办的「试胆大会」，别样的乐趣和豪华的奖品都相当诱人。事不宜迟，赶紧去体验一番吧！\r\n\r\n\r\n活动时间\r\n2022/12/15 10:00 ~ 2023/01/02 03:59\r\n\r\n\r\n参与条件\r\n冒险等*≥30*\r\n\r\n完成魔神任务：第二章·第一幕「离岛逃离计划」\r\n\r\n完成荒泷一斗传说任务：天牛之章·第一幕「赤金魂」后参与活动体验更佳。\r\n\r\n※注意：活动期间，如果没有完成荒泷一斗传说任务：天牛之章·第一幕「赤金魂」，可在活动界面通过「快速体验」参与活动。\r\n\r\n\r\n活动说明\r\n▶ 活动开启后的首日、第3日、第5日，将开放2个新的「闲畅游艺」和1个「破邪游艺」挑战。玩家需要完成对应阶段在「闲畅游艺」中所有「乐玩」难度的挑战后，可解锁对应的「破邪游艺」挑战。\r\n\r\n▶ 完成「闲畅游艺」和「破邪游艺」中的指定任务，即可获得原石、活动专属武器「单手剑·东花坊时雨」「试胆会的票券」、大英雄的经验、精锻用魔矿和摩拉奖励，「试胆会的票券」可在活动商店中兑换「若狭的藁末」、智识之冕、武器突破素材、天赋培养素材等奖励。\r\n\r\n▶ 完成「秋津森夜试胆会」系列任务后可获得原石、摆设「试胆会的高彩谐趣」和大英雄的经验等奖励。\r\n\r\n▶ 活动结束后，「试胆会的票券」将会消失，请旅行者及时兑换奖励。', '蔡徐坤', 2, 'https://img-blog.csdnimg.cn/20200513213356628.png?x-oss-process=image/watermark,type_ZmFuZ3poZW5naGVpdGk,shadow_10,text_aHR0cHM6Ly9ibG9nLmNzZG4ubmV0L3UwMTMzNTA0OTU=,size_16,color_FFFFFF,t_70', NULL, 2444, NULL);
INSERT INTO `post` VALUES (5, '基于Java+Springboot+Vue+elememt社区疫情返乡管控系统设计实现', '本系统采用基于Java语言B/S架构模式实现的，即Java启动运行的客户端与服务器的结构，基于 J2EE的基本标准，Tomcat7.0及以上作为运行服务器支持，基于、java、springboot、vue等主要技术设计，idea作为开发环境，数据库采用Mysql 5.0以上。\r\n\r\n（1）项目调查法：参考基于java社区疫情返乡人员防控管理平台系统相关的系统设计和实现、结合这次毕业设计的自己的系统需求调研，设计出本系统的主要功能设计和架构。\r\n\r\n（2）文献参考法：通过查阅阅读最近三年基于java社区疫情返乡人员防控管理平台有关的优质文献参考和相关书籍、了解基于java社区疫情返乡人员防控管理平台的现状和涉及的技术情况\r\n\r\n（3）经验总结法：经过网络搜索查看、老师的指导、自己的学习开发经验结合、对系统开发整理、具体情况，进行归纳、分析总结，满足系统的各项可行性分析，使系统设计和实现的合理化、标准化。\r\n\r\n（4）实证测试法：通过自己对前面资料的查询、阅读、以及利用自己所学习的计算机相关技术来完成编码实现、进行系统功能测试、代码编写、完成功能模块开发。最后进行测试\r\n————————————————\r\n版权声明：本文为CSDN博主「java李杨勇」的原创文章，遵循CC 4.0 BY-SA版权协议，转载请附上原文出处链接及本声明。\r\n原文链接：https://blog.csdn.net/weixin_39709134/article/details/128124580', 'elige', 4, 'https://img-blog.csdnimg.cn/20200513213356628.png?x-oss-process=image/watermark,type_ZmFuZ3poZW5naGVpdGk,shadow_10,text_aHR0cHM6Ly9ibG9nLmNzZG4ubmV0L3UwMTMzNTA0OTU=,size_16,color_FFFFFF,t_70', NULL, 1233, NULL);
INSERT INTO `post` VALUES (6, 'Vue3 v-for渲染模板', '大佬们，Axios获取到数据然后v-for渲染，绑定了ref，但是在onmounted钩子里获取dom获取不到，nexttick也没有用，怎么才能知道他渲染完成了\r\n', '春日簿', 5, 'https://img-blog.csdnimg.cn/20200513213356628.png?x-oss-process=image/watermark,type_ZmFuZ3poZW5naGVpdGk,shadow_10,text_aHR0cHM6Ly9ibG9nLmNzZG4ubmV0L3UwMTMzNTA0OTU=,size_16,color_FFFFFF,t_70', NULL, 1237, NULL);
INSERT INTO `post` VALUES (8, '为什么今年的卡塔尔世界杯这么有热度？还被称之为“诸神黄昏之战”？', '为什么今年的卡塔尔世界杯这么有热度？还被称之为“诸神黄昏之战”？\r\n这次世界杯从还没开始之前就被渲染诸神黄昏，一大批超强实力的老将面临最后一届世界杯，确实也算是比较特殊，尤其是双娇：C罗和梅西，以及上面说过的魔笛、佩里西奇，还有贝尔、莱万、布斯克茨、卡瓦尼、苏亚雷斯、佩佩、阿尔维斯等等。\r\n一代人终将老去，但总有人正年轻。\r\n又用上了这句话。前几天说C罗替补的事儿就说上这句了。我们正在见证故事的结尾，但足球性感温柔的地方，不仅在于一个人正风华、力能扛鼎，还在于有人年华老去，还有人横空出世，意志得到传承。\r\n很多人是从世界杯开始看足球的，包括我自己也是。我01年开始踢球和看球，但当时在学校没什么看球的条件。02世界杯彻底入坑，不幸见识了黄金一代的葡萄牙，球风优雅的西班牙，风华正茂的意大利排着队被韩国坑。罗纳尔多王者归来、君临天下，里瓦尔多宝刀未老，罗纳尔迪尼奥球场小精灵，3R 锐不可当。克洛泽强势冒头，德国坚韧有力。还有中国队，集体第一届也是最后一届世界杯，没想到首次即巅峰。这次世界杯后，没有机会也要创造机会看球了。\r\n看球超过 20 年，看过了很多当年喜欢的球星逐渐退役，看过了很多人从欧洲主流联赛去美国大联盟，然后回来做教练。说没有伤感不可能，但很多人依然活跃在足球圈内，经常能见，倒不觉得有很多遗憾。\r\n04 年欧洲杯，不仅是 19 岁的C罗首次大赛跟随葡萄牙打入决赛留下失利的泪水，还是18 岁的鲁尼在首次大赛横空出世，轻描淡写连场打入两球，打破欧洲杯最年轻进球者纪录。现在鲁尼胖得，大联盟回来做教练，在德比郡拯救球队失败。\r\n02 世界杯法国如日中天，没想到赛前齐达内受伤，打着封闭，可惜仍然不幸小组被淘汰。06 年齐达内最后一届，顺利打进决赛，却禁不住挑衅一头顶翻马特拉齐红牌下场，留下走过世界杯的经典背影。随后齐达内走上教练席，后来成为皇马主教练，执教 C罗获得欧冠三连。\r\n有太多的球星值得言说，外星人罗纳尔多 02 王者归来之后去了皇马，也取得很不错的成绩，06 年世界杯打法国，被亨利一剑封喉。亨利追风少年，英超各种千里单骑。当年巴西阵容鼎盛，号称比 02 还强，卡卡正值巅峰，06-07 赛季单枪匹马欧冠打得曼联丢盔弃甲。\r\n那些年的意甲还在鼎盛，内斯塔，马尔蒂尼， 卡纳瓦罗，皮尔洛，加图索，因扎吉，舍甫琴科，皮耶罗，特雷泽盖，托蒂，伊布。隔壁国米 10 年三冠王，麦孔，萨内蒂仍在阵中，斯内德、坎比亚索、米利托、潘德夫圆梦，可惜菲戈，德科，埃托奥，克雷斯波没赶上这个盛宴。\r\n当年被卡卡戏耍的埃弗拉海因策如今在哪儿不知道，内维尔，斯科尔斯，费迪南德，红魔名宿们倒喜欢上评论席，对曼联评点指导。08 年曼联击败巴萨修成正果，C罗获得第一个金球。但其时四年三进欧冠决赛的曼联，两次决赛败于巴萨脚下，面对哈维和小白予取予求，甚至哈维助攻梅西头球破门。面对无法控制的场面，弗格森无法控制自己的手抖，让人心疼不已。哈白布一代神迹中场，我认为是比拥有一位双娇是更难的存在。\r\n他们都是我的年少青春，看着他们一个个退役了。\r\n正如我只能在录像里看贝利、马拉多纳、范巴斯滕、普拉蒂尼、贝肯鲍尔，一代人有一代人的喜爱，有他们当下的属于他们年代的球星。其实如今或这届世界杯年轻强横的球星也很多。姆巴佩，哈兰德且不用说，英格兰人才井喷，福登、萨哈、贝林厄姆值得关注，内马尔也还正值壮年。B费B席大师级，还有年少成名的菲利克斯和一战成名的拉莫斯。虽然说起来都还显得有些星味不足。\r\n题主也总会再找到自己热爱的球队，喜欢的球星。时光流逝，有人年华老去，但伴随我们成长的影像在心里是不会消失的。', '春日簿', 1, 'https://img-blog.csdnimg.cn/20200513213356628.png?x-oss-process=image/watermark,type_ZmFuZ3poZW5naGVpdGk,shadow_10,text_aHR0cHM6Ly9ibG9nLmNzZG4ubmV0L3UwMTMzNTA0OTU=,size_16,color_FFFFFF,t_70', '2023-05-13 20:12:31', 1068, 100);
INSERT INTO `post` VALUES (9, '卡塔尔世界杯决赛阿根廷和法国将争夺队史第 3 冠，你看好哪支球队夺冠？', '首页\r\n学习\r\n会员\r\n发现\r\n等你来答\r\n克罗地亚 vs 摩洛哥\r\n谢邀。\r\n个人看好法国。双方获胜的概率是6：4开，法国6成，阿根廷4成。\r\n\r\n对比一下整届世界杯开赛以前，11月17号做的预测，现在差不多可以盖棺定论了。\r\n(图像)\r\n“二号种子”阿根廷进决赛了；\r\n原本被我认为“形势微妙，前景难料”的法国灭掉了“头号种子”的英格兰，反倒是一路高歌猛进；\r\n“三号种子”巴西，不争气，大好局面被克罗地亚翻盘；\r\n原本期待的半决赛阿根廷，巴西，英格兰“三足鼎立”，没有出现；\r\n(图像)\r\n中东，北非的确冒出来一匹黑马，只是没想到这么黑，一黑黑到半决赛。\r\n\r\n言归正传，原本说法国“前景难料”，主要是因为球队伤缺太多，博格巴，坎特，恩昆库，卢卡斯都伤了。开赛前又折了状态火热的本泽马，所以我个人并不看好这支法鸡。\r\n(图像)\r\n但是没想到，“残阵”法国居然爆发出惊人的能量，状态好的惊人。\r\n无论是打强队还是黑马，法国队几乎见谁灭谁：楚阿梅尼和拉比奥特支撑起了中场，瓦拉内火线复出，老将格列兹曼串联依然犀利，吉鲁迸发第二春。\r\n当然，还有姆皇，四年前阿根廷正是败在了姆巴佩的脚下，冲起来的姆巴佩，绝对是万夫莫敌的气势。\r\n尤其是2-1拿下英格兰，我个人认为是本届世界杯的天王山之战，谁赢，谁就有很大的把握捧得大力神杯。\r\n(图像: 动图封面)\r\n\r\n(图像: 动图封面)\r\n\r\n看好法国的另一大因素，是主教练德尚务实稳健的战术指挥。\r\n(图像)\r\n德尚可能是世界足坛，最被低估的主教练之一。\r\n大家都津津乐道于04年欧冠大黑马波尔图夺冠，穆里尼奥成为“special one特殊的一个”。但很少有人注意到，穆里尼奥在决赛击败的摩纳哥队，同样是一匹大黑马，主教练恰好就是德尚。\r\n如果不是穆里尼奥，如果不是决赛摩纳哥队早早吃到红牌，以10打11，鹿死谁手，恐怕难料。\r\n也许在平行宇宙里，说不定的04年横空出世的恐怕就是德尚了，可以说18年之前，德尚一直是“既生瑜，何生亮”，运气不佳。\r\n(图像)\r\n德尚的摩纳哥在八强击败大罗，齐达内带领的皇马\r\n这届法国队能凭借“残阵”杀入决赛，一方面是家底“厚实”，另一方面主教练德尚务实的战术把球队在短时间内捏合了起来，还有平时严格的训练要求，调整出了球员的临场状态。\r\n我个人认为，德尚是本届法国队的“幕后功臣”。\r\n\r\n阿根廷这边的话，一路走来其实“跌宕起伏”：\r\n开赛前梅西火热的状态，南美区预选赛和美洲杯的高光表现，让很多人对阿根廷“亲睐有加”；\r\n但是没想到，第一场就被来自中东的“沙隆巴斯”沙特泼了一盆冷水，当时看衰阿根廷的人很多，“什么梅西太软蛋了，赢不了墨西哥，过不了波兰，澳洲送你回家，荷兰闷死阿根廷，魔笛教梅西做人”，合订本很多，大家自己去翻。\r\n可以说是一路顶着压力走进决赛的，用斯卡洛尼的话来说， 场场都是“决赛”。\r\n阿根廷能走这么远，一方面是梅西良好的状态，我已经连续写过两篇帖子，就不再赘述了，吹累了；\r\n梅西 11 球卫冕队史射手王+现役球员世界杯射手王，你怎么看待梅西在本届世界杯的表现？\r\n199 赞同 · 0 评论回答\r\n(图像)\r\n一传一射打进关键点球，如何评价梅西在卡塔尔世界杯击败荷兰的比赛中的表现？他能率队走多远？\r\n234 赞同 · 35 评论回答\r\n(图像)\r\n另一方面，斯卡洛尼的临阵调整，也是决定阿根廷能走这么远的重大因素。\r\n(图像)\r\n斯卡洛尼虽然作为主教练是个“嫩头”，但他有一个很大优点，和德尚的稳健形成了鲜明对比：\r\n如果说德尚是以不变应万变，任尔几路来，我只一路去；相反，斯卡洛尼则纠偏能力很强，一看形势不对，该换换，该变变，绝不犹豫手软：\r\n劳马状态不好？拿下，扶正小蜘蛛\r\n荷兰边路强？果断变阵532，兑子卡住他边路\r\n克罗地亚想争夺中场，突我边路？我再变442，让你徒劳无功\r\n所以，你会发现，阿根廷一路走来，跌跌撞撞，“生死战”，“硬碰硬”不少，但同时也越踢越好，越踢越有信心，到了半决赛，状态彻底起来了，3-0完胜克罗地亚。\r\n\r\n这场比赛还有一个小细节，不管是法国还是阿根廷捧杯，都将是本国历史上，第三次获得大力神杯，有资格永久获得大力神杯的一个复制品。\r\n究竟鹿死谁手，让我们拭目以待，期待周日晚上的决赛，两队能够给我们中国球迷奉上一场“饕餮盛宴”\r\n(图像)', '春日簿', 1, 'https://img-blog.csdnimg.cn/20200513213356628.png?x-oss-process=image/watermark,type_ZmFuZ3poZW5naGVpdGk,shadow_10,text_aHR0cHM6Ly9ibG9nLmNzZG4ubmV0L3UwMTMzNTA0OTU=,size_16,color_FFFFFF,t_70', NULL, 100, 12);
INSERT INTO `post` VALUES (10, '《CSGO》年轻人最不能碰的游戏 没有之一', '(图像)\r\n全成就完成才写下这篇(强迫症患者)。\r\n成就不难，但如果不借助一些创意工坊的图，也不简单，至少很麻烦。\r\n这款游戏是我目前Steam中游戏时间最长的一款。\r\n然后我就问我自己，是什么原因支撑着我玩了下去？\r\n难道是因为没有小学生？\r\n应该不是，有时候听到几个老外语音，那稚嫩的童声领我难以忘怀……\r\n(图像)\r\n可以说是完全的CS新手。\r\n嗯，我作为一个新手，来谈谈我对这个游戏的看法。\r\n首先，优化是真的好，好的有点逆天，如果觉得卡，关掉中文输入法。\r\n画面，还行啊，我个人更追求流畅，一些像素游戏我也玩了很久。\r\n有些地方很真实，比如水啊，什么的。\r\n关于弹道……我不懂，对于我来说，除了几把有特色的枪……其他都一样……\r\n(图像)\r\n游戏内容基于现实，偏向竞技。\r\n不像某些国产网游就知道打僵尸。\r\n对于那些说CSGO像极了CF，抄袭CF（高端黑除外）的，我就明确的说：too young!\r\n这里面的武器很棒，起码不变态，不影响属性，不用花钱买。\r\n模式呢，有很多种，进去看看就知道了（别问我能不能打僵尸）……\r\n游戏绝对公平，好的技术需要勤学苦练。\r\n(图像)\r\n创意工坊是个好地方，有人说过48元可以玩一辈子。\r\n并且有大量机会回本……\r\n现在CSGO国服也上线有一段时间了，希望中国的CSGO队伍更上一层楼。\r\n不说了我去开箱了，老哥们。', '春日簿', 3, 'https://img-blog.csdnimg.cn/20200513213356628.png?x-oss-process=image/watermark,type_ZmFuZ3poZW5naGVpdGk,shadow_10,text_aHR0cHM6Ly9ibG9nLmNzZG4ubmV0L3UwMTMzNTA0OTU=,size_16,color_FFFFFF,t_70', NULL, 700, 31);
INSERT INTO `post` VALUES (11, '为什么《原神》这么火？', '为什么《原神》这么火？\r\n首先，《原神》是一款单机向的游戏，社交属性较弱。所以，对这个游戏的氪金，目的再也不是去打败其他人或者在游戏里炫耀，而是出自对角色的喜欢。\r\n也就是说，游戏不需要用垄断来保证营收，不必把付费玩家的快感建立在免费玩家的痛苦之上。\r\n其次，全平台的属性给《原神》带来了一个意想不到的功能：测试手机性能！\r\n最后，米哈游和传统商店渠道之争本质上虽是利益的瓜分，但却在客观上推动了行业生态向良性发展，让我们看到「降低渠道过路费，让利应用开发者」的可能。\r\n为什么，是《原神》做到了这些呢？\r\n2020 年末，美国一场寻常游戏直播进行到中场，出现了一个有趣的小插曲。\r\n当时，宝剑「狼的末路」上线许愿池，主播在许愿池抽了几次后运势不错，不由得感叹自己手气好。\r\n在走运时，很多网友第一反应是调侃去买彩票，但直播间内的观众显然对此不感兴趣，纷纷怂恿主播一鼓作气集齐五把剑。\r\n这和主播的想法不谋而合，他轻舔了一下嘴唇\r\n「现在这运势为什么不冲？」\r\n(图像: 图 1：主播决定继续抽下去)\r\n图 1：主播决定继续抽下去\r\n说干就干，主播迅速掏出手机打给银行解锁自己的银行卡，三下五除二搞定之后，他即将要挂上电话时，银行工作人员却叮嘱了一句：\r\n「Enjoy your trip！」（旅途愉快）\r\n主播不解其意，愣了一会，旋即大笑。\r\n「他以为我在中国度假呢！那我可得好好享受这次度假了。」\r\n或许是 PC 端支付的钱直接转到了位于上海的米哈游公司账上，导致银行误认为主播正在中国旅游。\r\n这样的美丽的误解并非孤例，有许多美国玩家分享过由于自己频繁氪金而被银行亲切问候的经历。据说，有的银行学聪明了，在调查完「是否本人操作后」，甚至会继续发出灵魂拷问：\r\n「你是不是玩《原神》呢？」\r\n是的，这款游戏正是大名鼎鼎的《原神》，上线以来，在许多国家掀起风暴。\r\n(图像: 图 2：原神在海外各国高频「露脸」)\r\n图 2：原神在海外各国高频「露脸」\r\n但在原神风靡全球时，围绕它的争议也一直没有平息，甚至出现极端化的倾向。\r\n(图像: 图 3：部分玩家抵制原神)\r\n图 3：部分玩家抵制原神\r\n于是，在更多的时候，《原神》不再是一款游戏，而是摇身一变，成了党同伐异的工具。\r\n在愈演愈烈的割裂中，很少有人记得，《原神》这起风暴究竟是如何掀起的。\r\n而走进这场风暴，要从「《原神》三大征」讲起。\r\n(图像: 图 4：提瓦特大陆上的璃月港)\r\n图 4：提瓦特大陆上的璃月港\r\n初战：一场豪赌\r\n战国时期，商人吕不韦问自己的父亲：「耕田可获利几倍呢？」\r\n父亲说：「十倍。」\r\n吕不韦又问：「贩卖珠玉，可以获利几倍呢？」\r\n父亲说：「百倍。」\r\n吕不韦再问：「立一个国家的君主，可获利几倍呢？」\r\n父亲说：「无数。」\r\n吕不韦的对话其实暗含着一个朴素的真理：收益往往和风险成正比。\r\n这世上的公司呢，有两种，一种是不赌的，另一种是不得不赌的。\r\n我们这场豪赌的故事，要从 2016 年开始说起。\r\n2016 年，是二次元游戏的转折之年，这一年，「门前冷落鞍马稀」的二次元界冒出了三个尖儿：\r\n第一个是腾讯家的小子——《火影忍者手游》。\r\n当时，财大气粗的腾讯就干了两件事，第一件是拿下日漫《火影忍者》的版权，用这个超级大 IP 吸引玩家；第二件是延续重社交的家风，主打大型多人格斗主题。\r\n大 IP 就是大 IP，所以即使后来《火影忍者手游》争议不断，甚至频繁被开除「二籍」，但吸金能力还是与日俱增，成为讯哥进入二次元界的利器。\r\n(图像: 图 5：火影忍者手游)\r\n图 5：火影忍者手游\r\n第二个是网易家的头牌《阴阳师》。\r\n它借鉴了日本的名著《源氏物语》的设定，灵活地避开了格斗的路子，主打角色扮演，以浓郁的和风特色出圈。\r\n而事实证明了策略的有效性，《阴阳师》凭借这一招扬长避短吸引了众多非二次元玩家，差点就开启了轰轰烈烈的「大二次元时代」。\r\n(图像: 图 6：多年蝉联二次元榜一的《阴阳师》)\r\n图 6：多年蝉联二次元榜一的《阴阳师》\r\n比起前面 2 个大佬，最后一个《崩坏 3》显得相对寒酸，它来自当时声名不显的二次元界原生企业米哈游。\r\n当时，《崩坏 3》虽然帮助米哈游成为了二次元界的中坚厂商，但交出的成绩答卷相比那两位优等生来说，还是显得弱了不少——不仅营收上被《阴阳师》爆杀，也长期被《火影忍者手游》所压制。\r\n但好在站在时代的转折点上，前三名的玩家，都能拿到「大二次元时代」的入场券。但二八法则决定了，为了最后的流量和资源，一场厮杀是在所难免的。\r\n但面对接下来的混战，是该先循规蹈矩发展一波，还是直接放手一搏呢？三家出现了明显的分化。\r\n腾讯和网易选择了循规蹈矩：\r\n原因很简单，哥俩不需要承担放手一搏的风险。\r\n《火影忍者手游》的成功，给了腾讯一个成功密码，他们很快根据日漫 IP 进一步开发了《一拳超人》、《数码宝贝》、《航海王》等作；\r\n网易也穿新鞋走老路，按照此前对《梦幻西游》等游戏一以贯之的做法，不遗余力地开发《阴阳师》的衍生游戏、音乐剧、大电影、主题店。\r\n只有米哈游选择了放手一搏：\r\n原因也很简单，米哈游没有循规蹈矩的资本。\r\n巨头们以雄厚的资本冲击二次元游戏市场，这对家小业小的米哈游造成了极大的压力，如果不能放手一搏，按照以往的惯例，当巨头利用强大的渠道和流量出击，原生游戏厂的归途往往就俩——凋零或被兼并。\r\n等清理完对手，巨头们就会正式把细分市场纳入版图，瓜分爆发时的红利。\r\n为了不变成温水中的青蛙，米哈游决定赌一把——四百人拿着一亿美金钻进长达三年的漫长研发历程。\r\n这几乎是米哈游能掏出来的全部资源。\r\n而《原神》就是在这样的情况下应运而生的。\r\n从立项上来看，它充满了各种各样的未知，涉及到开放世界、单机向、全平台等多个不确定的点，甚至上线前还在国内遇到了极大的争议，按照大伟哥的说法是「创业以来压力都没有这么大过」。\r\n但从最后的结果来看，这未尝不是「因祸得福」，国内的争议一定程度上坚定了米哈游把《原神》推向海外的念头，而《原神》也走出了先海外后国内最终两开花的华丽路线。\r\n2020 年 9 月 28 日，《原神》开启了全球同步公测，旋即出现了泾渭分明的现象。\r\n在国内，《原神》初期测评内容少，在多个平台也被打出了超低分。\r\n(图像: 图 7：国内最大游戏社区 taptap 评分)\r\n图 7：国内最大游戏社区 taptap 评分\r\n但在国外，原神广受好评，在多个平台上被打出高分，游戏获得索尼力挺，官号成为油管大 V。\r\n(图像: 图 8：全球规模最大的游戏娱乐媒体 IGN 评分)\r\n图 8：全球规模最大的游戏娱乐媒体 IGN 评分\r\n《原神》初期在国外有多火呢？\r\n根据 Sensor Tower 商店情报平台公布的数据，2020 年 11 月和 12 月《原神》在二次元故乡日本市场的收入都超过了中国，其中 2020 年 12 月《原神》在日本的收入占比已达 30.3%，美国市场同样不遑多让。\r\n国外口碑和流水极大地提振了国内玩家的信心，加上过硬的质量，《原神》的测评内容逐渐增多，TapTap 评分一路升到 8.5。\r\n在 2020 年仅剩三个月的情况下，《原神》弯道超车，在营收上爆杀《阴阳师》和《火影忍者手游》，登顶二次元游戏榜。\r\n米哈游扬眉吐气了。\r\n(图像: 图 9：原神)\r\n图 9：原神\r\n克莱顿·克里斯坦森在《创新者的窘境》提到，大公司之所以与「明日之星」失之交臂，既不是因为官僚主义，也不是因为决策失误，恰恰是因为他们对原有技术的路径依赖，在成功的道路上走得太过顺风顺水。\r\n在商业上，这被总结成路径依赖理论(Path－Dependence)。\r\n通俗来说，我既然有源源不断赚钱的业务，为什么还要冒高风险做突破性的新业务去革自己的命呢？\r\n就算有人要来革我的命，我大不了直接把它买下来！\r\n柯达如此，腾讯、网易亦然。\r\n所以，没有「路径」可以依赖的米哈游，反而找到了一条新的路，运气 or 实力暂不好说，但对米哈游来说，《原神》成功，也意味着一系列挑战的开始。没事就吃溜溜梅', '蔡徐坤', 2, 'https://img-blog.csdnimg.cn/20200513213356628.png?x-oss-process=image/watermark,type_ZmFuZ3poZW5naGVpdGk,shadow_10,text_aHR0cHM6Ly9ibG9nLmNzZG4ubmV0L3UwMTMzNTA0OTU=,size_16,color_FFFFFF,t_70', NULL, 900, NULL);
INSERT INTO `post` VALUES (12, '预测一下，2022 年世界杯谁会夺冠?', '预测一下，2022 年世界杯谁会夺冠?\r\n1、世界杯夺冠规律和冠军魔咒\r\n首先来说世界杯夺冠规律，通常强队是四届五届一个轮回，法国队1998和2018年夺冠，德国是1974、1990和2014年夺冠，巴西是1970、1994和2002，意大利是1982和2006年。\r\n(图像)\r\n大力神杯已经远离南美洲20年了，这一届世界杯巴西队有望把他重新带回南美。目前的巴西队中，拥有内马尔、维尼修斯、热苏斯、菲尔米诺、法比尼奥、马尔基尼奥斯、马塞洛、阿利松、卡塞米罗等一众好手，也是夺冠大热。\r\n(图像)\r\n足坛还有个大赛冠军魔咒的说法，这个大家都非常熟知，所以预计上届世界杯冠军法国队、上届欧洲杯冠军意大利和美洲杯阿根廷，都不太可能夺冠，除非他们能像西班牙那样打破魔咒大赛三连。\r\n(图像)\r\n2、英格兰蒸蒸日上有冠军相\r\n英格兰以前号称欧洲中国队，说的是他们在大赛中总是表现拉胯，最近两场大赛英格兰表现不俗。在2018世界杯上，英格兰打进四强，这也是在1966年本土世界杯和1990年的意大利世界杯后，英格兰第三次晋级四强。英格兰在欧洲杯更是了不起，他们跻身决赛，这是自1966年之后首次在大赛中晋级决赛。只是点球魔咒又笼罩了他们。\r\n(图像)\r\n说到英格兰点球魔咒，那就一言难尽，1990年世界杯半决赛和1996年欧洲杯半决赛，他们两次点球大战均输给了德国；1998年世界杯八分之一决赛，英格兰输给阿根廷；2004年欧洲杯和2006年世界杯，英格兰都在四分之一决赛点球大战输给了葡萄牙；到了2012年欧洲杯，英格兰四分之一决赛赛输给意大利，再到2021年决赛输给意大利。英格兰国际大赛10次点球大战，仅赢了3次。\r\n(图像)\r\n如果英格兰能够克服这个魔咒，相信卡塔尔世界杯夺冠也很有机会。\r\n3、比利时只缺少一个冠军头衔\r\n比利时常年高居国际足联的世界排名第一，而比利时的最好成绩是世界杯季军（2018）和欧洲杯亚军（1980），很多人说欧洲红魔空有其名。今年比利时拥有阿扎尔，卢卡库，默滕斯，德布劳内、卡拉斯科、小阿扎尔、维尔通亨、阿尔德韦雷尔德，库尔图瓦等球员，都是在五大联赛中鼎鼎有名的球员，他们号称英格兰一队，同是大多数效力英超，英格兰反而不及比利时豪华。\r\n(图像)\r\n那为何比利时空有排名却成绩很差呢？答案是比利时国内的南北矛盾。比利时没有比利时人的叫法，他们南方的叫瓦隆人，说的是法语；北方的叫弗拉芒人，说荷兰语。西班牙巴塞罗那闹得欢，但是对整个西班牙没有太大影响，可瓦隆跟弗拉芒则是势均力敌的一对儿。\r\n球员之间，南方的阿扎尔跟北方的德布劳内不会相互传球，以前老队长孔帕尼还能压阵，现在孔帕尼退役，维尔亨通和阿扎尔作为队长，威信还是不足。如果比利时能够解决这个问题，那么世界杯夺冠近在眼前。\r\n(图像)\r\n总体来说，巴西、英格兰、比利时在卡塔尔世界杯最有机会夺冠；意大利法国和阿根廷次之；德国队自从2014年夺冠之后，近些年来一直在走下坡路，现在还没有看到复苏的迹象；\r\n(图像)\r\n荷兰和葡萄牙如果有运气加身，也有一丝机会。\r\n(图像)\r\n4、阿根廷在梅西时代的最后一次冲击大力神杯\r\n最后作为梅西的铁杆球迷，每次都对阿根廷抱有很大的希望，这次也不例外。\r\n(图像)\r\n阿根廷已经连续28年无法获得洲际大赛以上的冠军，世界杯和美洲杯连续失利，让作为领军人物的梅西压力很大。这次2021年美洲杯夺冠，对梅西而言是一个巨大的利好，也是对个人历史地位的巨大提升。加之美洲杯期间梅西和巴塞罗那的合同问题，也难怪平常寡言少语的梅球王，美洲杯夺冠后竟然说了脏话。\r\n(图像)\r\n赛后梅西在自己的个人主页上发布了一张赤裸上身拥抱奖杯的照片，并配文说：“多么美妙！多么不可思议，感谢上帝！我们是冠军，去他X的！”不久之后，梅西的这则消息迅速火爆网络，甚至连世界杯官方都公开喊话：“2022年的世界杯会属于梅西吗？”\r\n(图像)\r\n2022年世界杯，可能是阿根廷夺取世界杯冠军的最佳机会，也是梅西的最后机会。经过美洲杯的冠军洗礼之后，如今的阿根廷看起来攻守平衡，终于有靠谱的门将和后防力量，明年绝对值得期待。\r\n这次美洲杯夺冠，阿根廷在收获冠军的同时还收获了一大批可堪大用的主力球员。\r\n(图像)\r\n在门将位置，米利亚诺·马丁内斯横空出世，拿下美洲杯金手套奖，这是自美洲杯成立以来首次有阿根廷门将获得该殊荣。\r\n在后防线上，四位主力球员应该是克里斯蒂安·罗梅罗和奥塔门迪搭档中卫，塔利亚菲科和蒙铁尔分居左右两翼。\r\n中场位置，阿根廷本次美洲杯的最大发现就是德保罗。此外，帕雷德斯、洛塞尔索等球员也逐渐找到自己的国家队位置，明年世界杯这样的中场组合绝对值得期待。\r\n(图像)\r\n梅西没有捧起过大力神杯是世界杯最大的遗憾，希望梅西能在他最后这一届世界杯在2022年捧起那早该属于他和阿根廷的大力神杯！', '蔡徐坤', 1, 'https://img-blog.csdnimg.cn/20200513213356628.png?x-oss-process=image/watermark,type_ZmFuZ3poZW5naGVpdGk,shadow_10,text_aHR0cHM6Ly9ibG9nLmNzZG4ubmV0L3UwMTMzNTA0OTU=,size_16,color_FFFFFF,t_70', NULL, 801, NULL);
INSERT INTO `post` VALUES (13, 'ChatGPT 国产平替上线；FTC 阻止微软 690 亿美元收购动视暴雪', '一分钟速览新闻点！\r\nOPPO 将在 2022 未来科技大会上发布第二颗自研芯片\r\n前蔚来副总裁创业做芯片，获小米领投 5000 万美元融资\r\n迅雷网游加速器停运不退费\r\nChatGPT 国产平替 Glow 上线\r\n谷歌将通过重组合并 Maps 和 Waze 地图团队\r\n外媒：特斯拉大中华区总裁朱晓彤或被调往美国 负责德州超级工厂\r\n美政府正式发起诉讼 阻止微软 690 亿美元收购动视暴雪\r\n欧盟确认统一使用 USB-C 接口最后期限\r\n国内要闻\r\nOPPO 将在 2022 未来科技大会上发布第二颗自研芯片\r\n12 月 8 日，OPPO 宣布第二颗自研芯片将于 12 月 14 日在未来科技大会 2022 上正式发布。“芯突破”预示 OPPO 自研芯片将在关键技术上实现全新突破。早在 2021 年，OPPO 官宣了首颗自研芯片马里亚纳X，作为 OPPO 首个影像专用 NPU，马里亚纳 X 采用 6nm 制程，拥有 18 TOPS 算力，搭载于 Find X5 系列、Reno8 系列、Reno9 系列等机型。OPPO 创始人兼首席执行官陈明永曾表示，科技公司必须通过关键技术解决关键问题，未来会持续投入资源，用几千人的团队，去脚踏实地做自研芯片。\r\n前蔚来副总裁创业做芯片，获小米领投 5000 万美元融资\r\n近日，由前蔚来汽车高管章健勇联合创立的自动驾驶芯片公司辉羲智能，已于近期完成超 5000 万美元天使 + 轮融资，项目估值 2 亿美元，由小米战略领投，国汽投资、凯辉基金、奇绩创坛、金沙江创投等机构也跟进了投资。辉羲智能其成立于 2022 年 4 月，是一家主攻大算力的自动驾驶芯片研发商，由徐宁仪、贺光辉、章健勇联合创立。\r\n迅雷网游加速器停运不退费\r\n日前，迅雷网游加速器宣布于 2022 年 12 月 1 日正式停运，关停加速服务和各类活动。据报道，对于会员退费这一问题，官方给出的回应为“迅雷网游加速器会员可转换为迅雷会员，享受下载加速服务，但不支持退款”，理由是会员充值属于虚拟服务，不支持退费。这一处理方案发布后，引发了诸多议论，“退钱”是较大的声音之一。据最新消息，近期迅雷网游加速器官网已发布新版停运公告，对相关处理方案进行更改，表示对于付费购买的会员，“可申请未使用完的会员时长退费”。（中国市场监管报）\r\nChatGPT 国产平替 Glow 上线\r\n最近，一款名为 Glow 的 AI 聊天应用上线 App store，被称为 ChatGPT 的国产平替。其背后是一家名叫北京稀宇的新注册公司，成立于今年 9 月 19 日。据介绍，Glow 基于 AIGC 技术打造，希望给那些无聊、焦虑或者需要被倾听的人，提供一个随时有认真回复的智能体。Glow 能够让用户与基于 AI 技术创造的“智能体”之间实时沟通、互动并建立情感连接。\r\n国际要闻\r\n谷歌将通过重组合并 Maps 和 Waze 地图团队\r\n谷歌发言人称，谷歌计划从当地时间周五开始将 Waze 的 500 多名员工与该公司的 Geo 团队合并，后者负责监督该公司地图、地球和街景产品。谷歌表示，计划使 Waze 仍保持为独立业务，并不打算作为重组的一部分进行任何裁员， 谷歌表示，该公司预计将通过重组减少 Waze 和 Maps 产品之间重叠的地图制作工作。\r\n外媒：特斯拉大中华区总裁朱晓彤或被调往美国 负责德州超级工厂\r\n12 月 8 日消息，知情人士透露，特斯拉首席执行官埃隆·马斯克已将公司大中华区总裁朱晓彤（Tom Zhu）调往美国，负责管理位于美国德州奥斯汀的新工厂。据悉，朱晓彤本周在奥斯汀，并从中国带来了他的一些工程团队，以协助监督德州超级工厂的量产。（腾讯科技）\r\n美政府正式发起诉讼 阻止微软 690 亿美元收购动视暴雪\r\n美国联邦贸易委员会 (FTC) 周四正式发起诉讼，寻求阻止微软公司以 690 亿美元收购动视暴雪公司。FTC 表示，微软对动视的所有权可能会限制竞争对手访问动视的最畅销游戏，从而抑制价值超过 2000 亿美元的游戏市场的竞争。微软已经表明，它能够并且将会对其游戏竞争对手保留内容，FTC 竞争局局长霍利·维多瓦 (Holly Vedova) 表示，今天，我们寻求阻止微软获得一家领先的独立游戏工作室的控制权，并利用它来破坏多个充满活力和快速增长的游戏市场的竞争。（新浪科技）\r\n欧盟确认统一使用 USB-C 接口最后期限\r\n今年 10 月 24 日，欧洲理事会批准了欧洲议会的通用充电器新规，最终确定了立法程序，这意味着到 2024 年底，USB-C 接口将成为手机、平板电脑和耳机等一系列电子设备的强制要求。今日，这项强制规定正式在欧盟官方公报上发布，按照此前的规定，这项新规将在 20 天后正式生效，届时各个欧盟成员国将有最多 24 个月的时间来将其作为国家法律适用，也就是 2024 年 12 月 28 日成为所有欧盟成员国的强制标准。\r\nWin11 原生录屏功能即将上线\r\n作为全球使用人数最多的 PC 操作系统，Windows 却直到最新的 Win11 都没有原生的录屏功能，以至于不少用户只能使用 Xbox 控制台的录屏功能「曲线救国」，还有可能被告知设备不符合硬件要求。现在，微软终于计划，将在未来几周内为 Win11 加入原生录屏功能，你可以通过点击叠加菜单中的红色停止按钮来停止录制并保存所拍摄的画面。', 's1mple', 4, 'https://img-blog.csdnimg.cn/20200513213356628.png?x-oss-process=image/watermark,type_ZmFuZ3poZW5naGVpdGk,shadow_10,text_aHR0cHM6Ly9ibG9nLmNzZG4ubmV0L3UwMTMzNTA0OTU=,size_16,color_FFFFFF,t_70', NULL, 1000, NULL);
INSERT INTO `post` VALUES (14, '「秋津森夜试胆会」中选择不同的伙伴后经历会有什么区别？', '在最新的活动「秋津森夜试胆会」中，旅行者可以从神里绫华、五郎和万叶三人之中挑选一个作为游戏剧情的伙伴，在森林中寻找一个目标物品。\r\n\r\n只能三选一，但是我都想要，怎么办呢？\r\n\r\n \r\n\r\n所以我特意整理了选择三人后不同的剧情\r\n\r\n体会之后不得不说，米哈游果然不令人失望，是真的细。\r\n\r\n \r\n\r\n\r\n\r\n\r\n首先让我们选择白鹭公主——神里绫华\r\n小公主第一次参加这种活动，内心对神鬼之事还是有些害怕的，哈哈。\r\n\r\n\r\n“其实，我并不擅长应对神鬼之事。。。\r\n总担心自己表现得太过失礼，会令家族蒙羞。”\r\n \r\n\r\n绫华这话说的，让旅行者不选她都感觉到内疚啊。\r\n\r\n\r\n“在你们身旁，不自觉的就会心安下来。”\r\n \r\n\r\n结果在探险路上，就开始讲起鬼怪故事了，真是自己给自己预设恐怖心境啊。\r\n\r\n\r\n“据说有一名流浪武士，在夜晚横穿树林，突然发现眼前熟悉的景色开始变得怪异。他停下脚步，发现自己仿佛到了另一个世界。不似人形的怪异之物们，正齐刷刷地看向他。”\r\n \r\n\r\n最后众人找到了本次活动的目标物品——团子牛奶。\r\n\r\n\r\n在派蒙的提议下，众人喝了团子牛奶。(不愧是派蒙！)\r\n\r\n\r\n\r\n\r\n最后神里绫华表示被团子牛奶给治愈了，小公主又成长了。\r\n\r\n\r\n“刚刚受到的惊吓，仿佛被团子牛奶治愈了。。。\r\n兄长曾说恐惧出自人心，内心安定，恐惧自然消散，现在我明白了。\r\n不过恐惧倒也并不完全是一件坏事。。。\r\n虽然几次被吓到，但我还是觉得很开心。”\r\n 好了，绫华的剧情结束了。\r\n\r\n\r\n\r\n\r\n\r\n\r\n让我们看看选择五郎有什么不同。\r\n作为八重堂重金打造的偶像希娜小姐，五郎这次来是给粉丝回信的。\r\n\r\n碰到八重神子后再次被拿捏的死死的，稍微用语言激一下就上套参加试胆大会了。\r\n\r\n五郎满脑子的军事思维，所以看到这个地方就立即感觉到了危险。\r\n\r\n因为充满雾气的树林是设伏的最佳地点。\r\n\r\n\r\n“我本来是去八重堂，递交这个月《闲事月刊》所需的回信。\r\n没想到那个坏狐狸也在！他跟我提到了试胆大会的事情，建议我来试试。\r\n我原本不太感兴趣的，但她说[堂堂海祇岛大将，该不会是害怕了吧]。\r\n我一时不察，中了她的激将法。来了之后才有些后悔，这里简直是四面设伏之地。\r\n我有一种预感，林中有许多埋伏，只要踏进去，绝对是必败的局面。\r\n说不定那个坏狐狸就藏在暗处，等着看我的笑话。她还会拿着留影机拍下来，把照片寄到海祇岛。\r\n \r\n\r\n五郎和绫华一样，明明吓的要死，还要自己给自己讲鬼故事渲染气氛。\r\n\r\n\r\n“据说以前有一支军队，行军时路过树林，发现无人生活的林中却摆放着大量美食。将士们正缺粮草，于是坐下来大快朵颐，忽然发现周围有几双血色的眼睛正盯着他们。。”\r\n \r\n\r\n找到团子牛奶后，仍旧是派蒙提议，众人分食了团子牛奶。\r\n\r\n\r\n\r\n\r\n 吃到啥好吃的，首先想到的都是自己的部下，不愧是好领导啊。\r\n\r\n\r\n“真好喝啊。。要是能买一些带回海祇岛就好了。\r\n将士们要是能喝到这么美味的甜品，应该也会高兴地。\r\n可惜团子牛奶没办法长期保存。”', 'elige', 2, 'https://img-blog.csdnimg.cn/20200513213356628.png?x-oss-process=image/watermark,type_ZmFuZ3poZW5naGVpdGk,shadow_10,text_aHR0cHM6Ly9ibG9nLmNzZG4ubmV0L3UwMTMzNTA0OTU=,size_16,color_FFFFFF,t_70', NULL, 10333, NULL);
INSERT INTO `post` VALUES (15, '【暖心冬日】我和我的大佬网恋奔现且一周年~', '在这个天寒地冻的季节里，最暖心的应该是——我和我的原神大佬在一起一周年啦！\r\n\r\n去年我们刚认识的时候，我的世界才刚刚可以进人，他从那个时候起，陪着我从蒙徳，到璃月，到稻妻，现在到了须弥。陪我过任务，解密，刷圣遗物，去各种景点打卡。\r\n\r\n\r\n（我emo的时候给我放的烟花）\r\n\r\n其实我的性格有点奇怪！有点自闭有点中二，但是他一点都不嫌弃，而且说我这样很可爱（其实我一点都不可爱！）。\r\n\r\n今年夏天我们奔现了！（我紧张了超级久，因为我觉得我很丑怕被嫌弃）现实生活中也非常合拍！一起吃火锅，吃烤肉，吃米线，而且那个时候正好赶上原神和必胜客的联动！我们一起出空荧的cos去必胜客吃原神套餐了！我想要优菈的杯子，结果给我的是安柏的，他就去和工作人员说可不可以换优菈的杯子，呜呜呜超级细心！\r\n\r\n\r\n（一起去买原神必胜客联动套餐）\r\n\r\n\r\n（一起换了原神的手机壳）\r\n\r\n\r\n（吃完饭以后回家路上随手拍的，正好路过江边，就边走边拍了很多照片，看作是情侣生活照吧~）\r\n\r\n\r\n\r\n\r\n\r\n\r\n\r\n\r\n\r\n\r\n还一起去玩了扭蛋机，拼《斗罗大陆》里小舞的模型，一起看了《小林家的龙女仆》（在他怀里看的嘤嘤嘤）、《你的名字》、《****》、《言叶之庭》，然后还一起去电影院看了电影呜呜呜，本来在三个电影之间我犹豫了好久想抉择出一个，就是《山海经之再见怪兽》、《遇见你》还有《小黄人大眼萌》，结果他带着我把三个电影都看了呜呜呜…\r\n\r\n而且他真的好好，其实出了cos以外，我还是个三坑少女，他陪我去了我一直想去的三坑店。\r\n\r\n\r\n\r\n\r\n\r\n\r\n\r\n这一年里，我们一起共享屏幕看了《中二病也要谈恋爱》《未闻花名》《关于我转生变成史莱姆这档事》《从零开始的异世界生活》《蔷薇少女》《人形电脑天使心》《四月是你的谎言》《紫罗兰永恒花园》《你好，世界》《悬崖上的金鱼姬》《你的名字》《言叶之庭》《****》《千与千寻》《声之形》《秒速五厘米》《犬夜叉》《公主连结》《罗小黑战记》《我的少女时代》《那些年我们一起追过的女孩》《前任3》《我想和你好好的》《山海经之再见怪兽》《遇见你》《小黄人大眼萌》《山楂树之恋》……\r\n\r\n珐露珊上线以后我们还一起看了《甄嬛传》哈哈哈哈哈哈哈他还陪我看了我小时候喜欢的《数码宝贝》，然后今年还一起看了《我是特优声》~因为我喜欢陶典~\r\n\r\n我其实真的非常自闭，但是他真的有在一点一点治愈我，陪我一起做很多很多事情。嘻嘻嘻还会做饭给我吃~】\r\n\r\n\r\n\r\n\r\n我们在一起玩原神的时候，从我还是萌新的时候开始，一直到现在，有时候解密他不管怎么描述我都听不懂，经常做错，但是他从来没有因为我听不懂和做错凶我任何一句，我迷路他就会来接我，萌新的时候体力不够他就会用温迪给我造风场，还会陪我一起慢慢爬，渡河的时候体力不够，那个时候也会陪我慢慢游，哪怕他用的是绫华。\r\n\r\n这个月底我的大佬就要过生日啦！我给他准备了两个手办，还有一件初音未来的联名外套，还有初音未来的联名胸包。希望他会喜欢【害羞】', 's1mple', 2, 'https://img-blog.csdnimg.cn/20200513213356628.png?x-oss-process=image/watermark,type_ZmFuZ3poZW5naGVpdGk,shadow_10,text_aHR0cHM6Ly9ibG9nLmNzZG4ubmV0L3UwMTMzNTA0OTU=,size_16,color_FFFFFF,t_70', NULL, 10001, NULL);
INSERT INTO `post` VALUES (16, 'java 操作elasticsearch详细总结', '目前，开发中使用java操作es，不管是框架集成，还是纯粹的使用es的api，主要通过下面两种方式：\r\n\r\nrest-api，主流的像  RestHighLevelClient ;\r\n\r\n与springboot集成时的jpa操作，主要是 ElasticsearchRepository 相关的api；\r\n\r\n上面两种模式的api在开发中都可以方便的使用，相比之下，RestHighLevelClient相关的api灵活性更高，而ElasticsearchRepository 底层做了较多的封装，学习和使用的成本更低，上手更快。\r\n\r\n接下来将对上面的两种操作模式做一个详细的总结，本篇所述的es基于7.6.2版本，配合的kibana也为7.6.2版本。\r\n————————————————\r\n版权声明：本文为CSDN博主「逆风飞翔的小叔」的原创文章，遵循CC 4.0 BY-SA版权协议，转载请附上原文出处链接及本声明。\r\n原文链接：https://blog.csdn.net/congge_study/article/details/128194887', 'messi', 4, 'https://img-blog.csdnimg.cn/20200513213356628.png?x-oss-process=image/watermark,type_ZmFuZ3poZW5naGVpdGk,shadow_10,text_aHR0cHM6Ly9ibG9nLmNzZG4ubmV0L3UwMTMzNTA0OTU=,size_16,color_FFFFFF,t_70', NULL, 4232, NULL);
INSERT INTO `post` VALUES (17, 'Tomcat安装步骤及详细配置教程（2022最新版）', '步骤一：首先确认自己是否已经安装JDK\r\n\r\n步骤二：下载安装Tomcat\r\n\r\n步骤三：Tomcat配置环境变量\r\n\r\n步骤四：验证Tomcat配置是否成功\r\n\r\nOK，我们开始！！！\r\n\r\n一、首先确认自己是否已经安装JDK\r\nWin+R打开运行，输入cmd回车，在DOS窗口中输入java。\r\n\r\n\r\n\r\n\r\n\r\n出现这些代表已经安装，然后查看自己的JDK版本。\r\n\r\n输入：java -version\r\n\r\n\r\n\r\n可以看到我的JDK版本是1.8的。\r\n\r\nTomcat在JDK1.8版本下能够正常运行，其他版本不能正常启动。\r\n\r\n二、下载安装Tomcat\r\n官网地址：Apache Tomcat® - Welcome!\r\n\r\n选择Tomcat8版本（自己随意，这里我是选择的8版本）\r\n\r\n\r\n\r\n选择下载64位\r\n\r\n\r\n\r\n链接: https://pan.baidu.com/s/1ouiM065WTzFK58rIBaeEcQ?pwd=y9nj \r\n\r\n提取码: y9nj （官网下载比较慢，这里我放上百度网盘链接）\r\n\r\n插播一条广告：需要开通正版JetBrains全家桶的可以联系我，56元一年，正版授权激活，官网可查有效期，有需要的加我微信：poxiaozhiai6，备注：904。\r\n\r\n三、Tomcat配置环境变量\r\n首先右击此电脑，属性，打开高级系统设置：\r\n\r\n\r\n\r\n点击环境变量：\r\n\r\n\r\n\r\n在系统变量这一栏里选择新建：\r\n\r\n\r\n\r\n出现这个框：\r\n\r\n\r\n\r\n变量名：CATALINA_HOME\r\n\r\n变量值：解压后的路径（参考我的图片来就行）\r\n\r\n\r\n\r\n之后找系统变量中的Path，点击编辑：\r\n\r\n\r\n\r\n之后点击新建，输入%CATALINA_HOME%\\bin。如图，再点击确定：\r\n\r\n\r\n\r\n之后点击确定，确定。\r\n\r\n四、验证Tomcat配置是否成功\r\n首先win+R输入cmd回车，然后再DOS窗口输入startup.bat回车。\r\n\r\n之后会出现Tomcat启动窗口。\r\n\r\n\r\n\r\n代表配置成功。\r\n\r\n如果出现报错或者一闪而过，可能是端口号被占用。Tomcat默认窗口时8080。\r\n\r\n可以尝试重启电脑，再启动Tomcat试试。不行的话，就修改Tomcat端口号。\r\n\r\n如果配置成功，打开浏览器，输入http://localhost:8080/\r\n\r\n（刚才那个黑窗口一定不能关闭，否则肯定打不开这个页面）\r\n\r\n如果出现如下图，则表示成功。\r\n\r\n\r\n\r\n OK，搞定，帮到你了吗？如果帮你安装配置好了tomcat记得给我点个赞哈~\r\n————————————————\r\n版权声明：本文为CSDN博主「Java程序员-张凯」的原创文章，遵循CC 4.0 BY-SA版权协议，转载请附上原文出处链接及本声明。\r\n原文链接：https://blog.csdn.net/qq_41701956/article/details/126693711', 'neymarl', 4, 'https://img-blog.csdnimg.cn/20200513213356628.png?x-oss-process=image/watermark,type_ZmFuZ3poZW5naGVpdGk,shadow_10,text_aHR0cHM6Ly9ibG9nLmNzZG4ubmV0L3UwMTMzNTA0OTU=,size_16,color_FFFFFF,t_70', NULL, 12540, NULL);
INSERT INTO `post` VALUES (18, '基于FFmpeg的Java视频Mp4转GIF初探', '1、简介\r\n      FFmpeg是一套可以用来记录、转换数字音频、视频，并能将其转化为流的开源计算机程序。采用LGPL或GPL许可证。它提供了录制、转换以及流化音视频的完整解决方案。FFmpeg在Linux平台下开发，但它同样也可以在其它操作系统环境中编译运行，包括Windows、Max Os等。这个项目最早由Fabrice Bellard发起，2004年至2015年间由Michael Niedermayer主要负责维护。许多FFmpeg的开发人员都来自项目MPlayer，而且当前FFmpeg也是放在MPlayer项目组的服务器上。\r\n\r\n2、FFmpeg功能列表\r\n       FFmpeg是一套可以用来记录、转换数字音频、视频，并能将其转化为流的开源计算机程序。它包括了领先的音/视频编码库libavcodec等。\r\n\r\nlibavformat：用于各种音视频封装格式的生成和解析，包括获取解码所需信息以生成解码上下文结构\r\n和读取音视频帧等功能；\r\nlibavcodec：用于各种类型声音/图像编解码；\r\nlibavutil：包含一些公共的工具函数；\r\nlibswscale：用于视频场景比例缩放、色彩映射转换；\r\nlibpostproc：用于后期效果处理；\r\nffmpeg：该项目提供的一个工具，可用于格式转换、解码；\r\nffsever：一个 HTTP 多媒体即时广播串流服务器；\r\nffplay：是一个简单的播放器，使用ffmpeg 库解析和解码，通过SDL显示；\r\n二、Java集成JavaCV调用FFmpeg\r\n1、JavaCv引入\r\n      JavaCv是基于openCv的一个非常强大的库，关于javaCv以后计划做几次讲解，这里不深入，有兴趣的小伙伴可以先行学习。在工程中新建一个Maven工程，在Pom.xml中引入支持，需要注意的是，这里为了演示简单，引入了完整的JavaCv的包，在实际项目中不需要如此，按需引入即可。\r\n\r\n<project xmlns=\"http://maven.apache.org/POM/4.0.0\"\r\n	xmlns:xsi=\"http://www.w3.org/2001/XMLSchema-instance\"\r\n	xsi:schemaLocation=\"http://maven.apache.org/POM/4.0.0 http://maven.apache.org/xsd/maven-4.0.0.xsd\">\r\n	<modelVersion>4.0.0</modelVersion>\r\n	<groupId>com.yelang</groupId>\r\n	<artifactId>mp42gif</artifactId>\r\n	<version>0.0.1-SNAPSHOT</version>\r\n	<dependencies>\r\n		<!-- https://mvnrepository.com/artifact/org.bytedeco/javacv-platform -->\r\n		<dependency>\r\n			<groupId>org.bytedeco</groupId>\r\n			<artifactId>javacv-platform</artifactId>\r\n			<version>1.5.2</version>\r\n		</dependency>\r\n		<!-- https://mvnrepository.com/artifact/com.madgag/animated-gif-lib -->\r\n		<dependency>\r\n			<groupId>com.madgag</groupId>\r\n			<artifactId>animated-gif-lib</artifactId>\r\n			<version>1.4</version>\r\n		</dependency>\r\n		\r\n		<dependency>\r\n			<groupId>junit</groupId>\r\n			<artifactId>junit</artifactId>\r\n			<version>4.11</version>\r\n			<scope>test</scope>\r\n		</dependency>\r\n		\r\n		<!-- lombok 代码自动生成组件 add by wuzuhu on 2022-11-01 -->\r\n		<dependency>\r\n			<groupId>org.projectlombok</groupId>\r\n			<artifactId>lombok</artifactId>\r\n			<version>1.18.24</version>\r\n			<scope>provided</scope>\r\n		</dependency>\r\n	</dependencies>\r\n</project>\r\n\r\n2、视频转换读取\r\npublic static void main(String[] args) {\r\n	// 将指定目录的 MP4 文件生成同名的 gif 文件\r\n	File videoDir = new File(\"E:/testv\");\r\n	for (File file : videoDir.listFiles()) {\r\n		String videoPath = file.getPath();\r\n		if (videoPath.endsWith(\".mp4\")) {\r\n			String gifPath = videoPath.substring(0, videoPath.lastIndexOf(\".\")) + \".gif\";\r\n			try {\r\n				video2Gif(videoPath, gifPath);\r\n				System.out.println(\"转换完成\");\r\n			} catch (Exception e) {\r\n				System.out.println(\"文件 [\" + videoPath + \"] 处理异常！\");\r\n				e.printStackTrace();\r\n			}\r\n		}\r\n	}\r\n}\r\n\r\n       上面定义了一个main函数调用，只是一个简单的示例，实际项目需要自己扩展。核心的视频转换函数如下：\r\n\r\nprivate static void video2Gif(String videoPath, String gifPath) throws Exception {\r\n	try (FFmpegFrameGrabber grabber = new FFmpegFrameGrabber(videoPath);\r\n			FileOutputStream targetFile = new FileOutputStream(gifPath)) {\r\n		grabber.start();\r\n		int frames = grabber.getLengthInFrames();\r\n		System.out.println(frames);\r\n		AnimatedGifEncoder encoder = new AnimatedGifEncoder();\r\n		encoder.setFrameRate(frames);\r\n		encoder.start(targetFile);\r\n		Java2DFrameConverter converter = new Java2DFrameConverter();\r\n		for (int i = 0; i < frames; i += 8) {// 8帧合成1帧？（反正越大动图越小、越快）\r\n			encoder.setDelay((int) grabber.getDelayedTime());\r\n			encoder.addFrame(converter.convert(grabber.grabImage()));\r\n			grabber.setFrameNumber(i);\r\n		}\r\n			\r\n		encoder.finish();\r\n	}\r\n}\r\n\r\n       通过FFmpegFrameGrabber grabber = new FFmpegFrameGrabber(videoPath);获取视频信息，同时调用grabber.start();进行视频读取（这一步必须要设置，否则会影响后面的结果）。通过int frames = grabber.getLengthInFrames();获取Mp4视频的帧数，再循环帧，即可。上述的代码中不是读取每一帧，这样生成的结果会非常大，建议不要全部读取。\r\n\r\nfor (int i = 0; i < frames; i += 8) {// 8帧合成1帧）\r\n	encoder.setDelay((int) grabber.getDelayedTime());\r\n	encoder.addFrame(converter.convert(grabber.grabImage()));\r\n	grabber.setFrameNumber(i);\r\n}\r\n3、运行结果\r\n      使用一段视频来测试相应的功能能否正常生效，在E盘新建一个mp4视频文件。\r\n————————————————\r\n版权声明：本文为CSDN博主「夜郎king」的原创文章，遵循CC 4.0 BY-SA版权协议，转载请附上原文出处链接及本声明。\r\n原文链接：https://blog.csdn.net/yelangkingwuzuhu/article/details/127954389', 'lun', 4, 'https://img-blog.csdnimg.cn/20200513213356628.png?x-oss-process=image/watermark,type_ZmFuZ3poZW5naGVpdGk,shadow_10,text_aHR0cHM6Ly9ibG9nLmNzZG4ubmV0L3UwMTMzNTA0OTU=,size_16,color_FFFFFF,t_70', NULL, 24534, NULL);
INSERT INTO `post` VALUES (19, 'Java agent 使用详解', '一、前言\r\n于一个即将上线的应用来说，系统监控是必不可少的，为什么需要监控呢？应用是跑在服务器上的，应用在运行过程中会发生各自意想不到的问题，像大家熟知的OOM，mysql故障，服务器宕机，程序500等等，因此为了能够第一时间掌握应用运行过程中的各自异常状况，对于应用系统的监控是必要的，而在大多数情况下，应用自身的运行时异常占据了绝大的比例，因此合理的监控显得非常重要。\r\n\r\n二、应用监控来源\r\n设想一个场景，如果我们要监控一段程序的执行耗时，通常会有哪些做法呢？\r\n\r\n方法前后添加起始，结束耗时；\r\n使用aop技术跟踪方法的执行耗时；\r\n......\r\n上面谈到，在大多数情况下，应用自身的运行时异常占据了绝大的比例，所以在日常开发中，通过程序中日志埋点可以很好的帮助分析和定位问题，而说到底，还是监控代码段的执行，如果是一个简单的单体应用，怎么样都无所谓，毕竟简单嘛，但对于一个成熟的运行中的系统来说，尤其是那种分布式的应用平台，不管使用上面哪种技术，都涉及到应用内部程序的开发工作量，面临这种情况该怎么办呢？\r\n\r\n是不是有一种技术可以在需要对既有代码做改动的前提下就能够监控代码运行的一些指标呢？\r\n\r\n答案是肯定的，那就是接下来要讲的 java agent技术，也就是Java探针技术。\r\n\r\n三、Java agent 是什么？\r\nJava Agent技术，也称为Java代理、Java探针，它允许程序员利⽤其构建⼀个独⽴于应⽤程序的代理程序。\r\n\r\nJava Agent 本质上就是一个 jar 包。\r\n对于普通的Jar包，通过指定类的 main 函数进行启动，但是 Java Agent 并不能单独启动，必须依附在一个 Java 应用程序运行。\r\n使用Java Agent可以实现在Java程序运行的过程中对其进行修改。\r\n四、Java Agent 主要功能点\r\n在加载java文件前可以拦截字节码并做修改；\r\n在运行期间变更已加载的类的字节码；\r\n 获取所有已经被加载过的类；\r\n获取所有已经被初始化过了的类；\r\n获取某个对象的大小；\r\n以上这些功能，使得Java Agent在作为一个独立于Java应用程序的代理程序的同时，可以协助监测、运行甚至替换 JVM 上的程序。Agent的应用十分广泛，可用于实现Java IDE的调试功能、热部署功能、线上诊断⼯具和性能分析⼯具。\r\n\r\n例如，百度网络攻击防护工具OpenRASP中就使用了Java Agent来对敏感函数进行插桩，以此实现攻击检测。大名鼎鼎的skywalking对于各类应用监测其底层实现也是基于Java Agent。\r\n\r\n五、Java agent 加载过程\r\n在开始编码之前，有必要对Java agent的原理做一些了解，我们知道，一个普通的java程序要运行起来，可以通过main函数运行，或者打成jar包之后指定启动类，说的再简单点，调用执行命令之后，jvm会通过类加载器加载class文件，然后运行起来；\r\n\r\n\r\n\r\n 有了上面对于java agent的了解，java agent可以在加载java文件前拦截字节码并做修改的，执行过程如下图：\r\n\r\n\r\n\r\n如果将两者结合起来看，更具体的过程如下图，Java agent的入场时机以及作用一目了然； \r\n\r\n\r\n————————————————\r\n版权声明：本文为CSDN博主「小码农叔叔」的原创文章，遵循CC 4.0 BY-SA版权协议，转载请附上原文出处链接及本声明。\r\n原文链接：https://blog.csdn.net/zhangcongyi420/article/details/128162591', 'kun', 4, 'https://img-blog.csdnimg.cn/20200513213356628.png?x-oss-process=image/watermark,type_ZmFuZ3poZW5naGVpdGk,shadow_10,text_aHR0cHM6Ly9ibG9nLmNzZG4ubmV0L3UwMTMzNTA0OTU=,size_16,color_FFFFFF,t_70', NULL, 3434, NULL);
INSERT INTO `post` VALUES (20, 'Java实战-用Java mail实现Exchange发邮件给你喜欢的人', '如何用java mail 实现Exchange发邮件的功能\r\n\r\n1. 官方指导文章\r\n官方文章：https://github.com/OfficeDev/ews-java-api/wiki/Getting-Started-Guide\r\n\r\n\r\n\r\nCreating a Recurring Appointment\r\nTo schedule a recurring appointment, create an appointment for the first meeting time, and choose ‘Recurrence.’ Outlook will use your initial appointment as a start date. Set the end date by specifying a date for the recurring appointments to end or a number of occurrences for this recurring appointment. You can also specify no end date. If the meeting will occur on more than one day of the week, choose the days on which the meeting/appointment will occur. You can use the EWS JAVA API to create a recurring appointment, as shown in the following code.\r\n\r\nAppointment appointment = new Appointment(service);\r\nappointment.setSubject(\"Recurrence Appointment for JAVA XML TEST\");\r\nappointment.setBody(MessageBody.getMessageBodyFromText(\"Recurrence Test Body Msg\"));\r\n\r\nSimpleDateFormat formatter = new SimpleDateFormat(\"yyyy-MM-dd HH:mm:ss\");\r\nDate startDate = formatter.parse(\"2010-05-22 12:00:00\");\r\nDate endDate = formatter.parse(\"2010-05-22 13:00:00\");\r\n\r\nappointment.setStart(startDate);//new Date(2010-1900,5-1,20,20,00));\r\nappointment.setEnd(endDate); //new Date(2010-1900,5-1,20,21,00));\r\n\r\nformatter = new SimpleDateFormat(\"yyyy-MM-dd\");\r\nDate recurrenceEndDate = formatter.parse(\"2010-07-20\");\r\n\r\nappointment.setRecurrence(new Recurrence.DailyPattern(appointment.getStart(), 3));\r\n\r\nappointment.getRecurrence().setStartDate(appointment.getStart());\r\nappointment.getRecurrence().setEndDate(recurrenceEndDate);\r\nappointment.save();\r\n1\r\n2\r\n\r\nAvailability Service\r\nThe EWS Java API makes it very easy to consume the Availability service. The Availability service makes it possible to retrieve free/busy information for users for whom the caller does not necessarily have access rights. It also provides meeting time suggestions.\r\n\r\nThe following example shows how to call the Availability service by using the EWS Java API.\r\n\r\n// Create a list of attendees for which to request availability\r\n// information and meeting time suggestions.\r\n\r\nList<AttendeeInfo> attendees = new ArrayList<AttendeeInfo>();\r\nattendees.add(new AttendeeInfo(\"test@contoso.com\"));\r\nattendees.add(new AttendeeInfo(\"temp@contoso.com\"));\r\n\r\nSimpleDateFormat formatter = new SimpleDateFormat(\"yyyy/MM/dd\");\r\n\r\n//minimum time frame allowed by API is 24 hours\r\nDate start = formatter.parse(\"2010/05/18\"); \r\nDate end = formatter.parse(\"2010/05/19\");\r\n\r\n// Call the availability service.\r\nGetUserAvailabilityResults results = service.getUserAvailability(\r\n	attendees,\r\n	new TimeWindow(start, end),\r\n	AvailabilityData.FreeBusyAndSuggestions);\r\n\r\n// Output attendee availability information.\r\nint attendeeIndex = 0;\r\n\r\nfor (AttendeeAvailability attendeeAvailability : results.getAttendeesAvailability()) {\r\n	System.out.println(\"Availability for \" + attendees.get(attendeeIndex));\r\n	if (attendeeAvailability.getErrorCode() == ServiceError.NoError) {\r\n		for (CalendarEvent calendarEvent : attendeeAvailability.getCalendarEvents()) {\r\n			System.out.println(\"Calendar event\");\r\n			System.out.println(\"  Start time: \" + calendarEvent.getStartTime().toString());\r\n			System.out.println(\"  End time: \" + calendarEvent.getEndTime().toString());\r\n\r\n			if (calendarEvent.getDetails() != null)\r\n			{\r\n				System.out.println(\"  Subject: \" + calendarEvent.getDetails().getSubject());\r\n				// Output additional properties.\r\n			}\r\n		}\r\n	}\r\n\r\n	attendeeIndex++;\r\n}\r\n\r\n\r\n// Output suggested meeting times.\r\nfor (Suggestion suggestion : results.getSuggestions()) {\r\n	System.out.println(\"Suggested day: \" + suggestion.getDate().toString());\r\n	System.out.println(\"Overall quality of the suggested day: \" + suggestion.getQuality().toString());\r\n\r\n	for (TimeSuggestion timeSuggestion : suggestion.getTimeSuggestions()) {\r\n		System.out.println(\"  Suggested time: \" + timeSuggestion.getMeetingTime().toString());\r\n		System.out.println(\"  Suggested time quality: \" + timeSuggestion.getQuality().toString());\r\n		// Output additonal properties.\r\n	}\r\n}\r\n\r\n\r\nUsing pull notifications with the EWS JAVA API\r\nThe following example shows how to subscribe to pull notifications and how to retrieve the latest events.\r\n\r\n// Subscribe to pull notifications in the Inbox folder, and get notified when a new mail is received, when an item or folder is created, or when an item or folder is deleted.\r\n\r\nList  folder = new ArrayList();\r\nfolder.add(new FolderId().getFolderIdFromWellKnownFolderName(WellKnownFolderName.Inbox));\r\n\r\nPullSubscription subscription = service.subscribeToPullNotifications(folder,5\r\n/* timeOut: the subscription will end if the server is not polled within 5 minutes. */, null /* watermark: null to start a new subscription. */, EventType.NewMail, EventType.Created, EventType.Deleted);\r\n\r\n// Wait a couple minutes, then poll the server for new events.\r\nGetEventsResults events = subscription.getEvents();\r\n\r\n// Loop through all item-related events.\r\nfor(ItemEvent itemEvent : events.getItemEvents()) {\r\n	if (itemEvent.getEventType()== EventType.NewMail) {\r\n		EmailMessage message = EmailMessage.bind(service, itemEvent.getItemId());\r\n	} else if(itemEvent.getEventType()==EventType.Created) {\r\n		Item item = Item.bind(service, itemEvent.getItemId());\r\n	} else if(itemEvent.getEventType()==EventType.Deleted) {\r\n		break;\r\n	}\r\n }\r\n\r\n// Loop through all folder-related events.\r\nfor (FolderEvent folderEvent : events.getFolderEvents()) {\r\n	if (folderEvent.getEventType()==EventType.Created) {\r\n		Folder folder = Folder.bind(service, folderEvent.getFolderId());\r\n	} else if(folderEvent.getEventType()==EventType.Deleted) {\r\n		System.out.println(\"folder  deleted”+ folderEvent.getFolderId.UniqueId);\r\n	}\r\n}\r\n————————————————\r\n版权声明：本文为CSDN博主「Python&amp;Basketball」的原创文章，遵循CC 4.0 BY-SA版权协议，转载请附上原文出处链接及本声明。\r\n原文链接：https://blog.csdn.net/superdangbo/article/details/128154145', 'siaoming', 4, 'https://img-blog.csdnimg.cn/20200513213356628.png?x-oss-process=image/watermark,type_ZmFuZ3poZW5naGVpdGk,shadow_10,text_aHR0cHM6Ly9ibG9nLmNzZG4ubmV0L3UwMTMzNTA0OTU=,size_16,color_FFFFFF,t_70', NULL, 3465, NULL);
INSERT INTO `post` VALUES (21, '理性讨论，梅西个人实力表现来说是不是比C罗还厉害', '25\r\n世界杯出场25场\r\n梅西历史第一人\r\n20\r\n世界杯制造20球\r\n梅西历史第一人\r\n04\r\n世界杯4场传射\r\n梅西历史第一人\r\n11\r\n世界杯打进11球\r\n梅西现役第一人\r\n09\r\n世界杯九次助攻\r\n梅西现役第一人\r\n', 'elige', 1, 'https://gimg2.baidu.com/image_search/src=http%3A%2F%2Fsafe-img.xhscdn.com%2Fbw1%2Fd4024bf0-d3e4-469d-9052-738635b8c55b%3FimageView2%2F2%2Fw%2F1080%2Fformat%2Fjpg&refer=http%3A%2F%2Fsafe-img.xhscdn.com&app=2002&size=f9999,10000&q=a80&n=0&g=0n&fmt=auto?sec=1688604337&t=74cdd18b834280fc6859603f16081ee2', NULL, 4367, NULL);
INSERT INTO `post` VALUES (22, '阿根廷赢不了的，法国队0封阿根廷已是板上钉钉', '足球不是靠人气，而是靠实力取胜，凭本事吃饭。\r\n法国队的阵容可以说是豪华到毫无弱点，无懈可击，说是世界杯有史以来最强大的球队也不为过。\r\n阿根廷只有一个梅西，而法国除了姆总，像梅西这样水平的球员比比皆是，阿根廷妄图跟法国对抗是痴心妄想\r\n这场决赛甚至不需要预测，法国与阿根廷胜率9比1，法国9，阿根廷1。抛去运气成分，法国10，阿根廷0，法国成碾压之势击败阿根廷已是铁板钉钉！', 's1mple', 1, 'https://gimg2.baidu.com/image_search/src=http%3A%2F%2Fsafe-img.xhscdn.com%2Fbw1%2Fd4024bf0-d3e4-469d-9052-738635b8c55b%3FimageView2%2F2%2Fw%2F1080%2Fformat%2Fjpg&refer=http%3A%2F%2Fsafe-img.xhscdn.com&app=2002&size=f9999,10000&q=a80&n=0&g=0n&fmt=auto?sec=1688604337&t=74cdd18b834280fc6859603f16081ee2', NULL, 45350, NULL);
INSERT INTO `post` VALUES (23, '克罗地亚和摩洛哥比赛结束了，克罗地亚2-1摩洛哥', '克罗地亚和摩洛哥比赛结束了，克罗地亚2-1摩洛哥，大伙对这场比赛有什么看法？', 'messi', 1, 'https://gimg2.baidu.com/image_search/src=http%3A%2F%2Fsafe-img.xhscdn.com%2Fbw1%2Fd4024bf0-d3e4-469d-9052-738635b8c55b%3FimageView2%2F2%2Fw%2F1080%2Fformat%2Fjpg&refer=http%3A%2F%2Fsafe-img.xhscdn.com&app=2002&size=f9999,10000&q=a80&n=0&g=0n&fmt=auto?sec=1688604337&t=74cdd18b834280fc6859603f16081ee2', NULL, 456, NULL);
INSERT INTO `post` VALUES (24, '世界杯决赛百分百是阿根廷夺冠，给大伙讲解一下你就知', '已知阿根廷3-0克罗地亚，法国2-0摩洛哥，又克罗地亚2-1摩洛哥，得出阿根廷比法国强两个球的档次，我预测阿根廷百分百夺冠，比分2-0！！！', 'neymarl', 1, 'https://nimg.ws.126.net/?url=http%3A%2F%2Fdingyue.ws.126.net%2F2023%2F0606%2F466e84e8j00rvsyb300hyc000l000dem.jpg&thumbnail=660x2147483647&quality=80&type=jpg', NULL, 45327, NULL);
INSERT INTO `post` VALUES (25, '让胜球胜平负有友友能来科普一下吗？', '到底什么意思呀？\r\n比如乌拉圭和韩国，0：0主队让一球 主队让一球，乌拉圭让负到底是中还是没中呀？\r\n今年在朋友的带动下开始看球了，但是他们一开始讨论押球，我就有种啥也不懂的感觉', 'lun', 1, 'https://nimg.ws.126.net/?url=http%3A%2F%2Fdingyue.ws.126.net%2F2023%2F0606%2Fd871de47j00rvsyb300hkc000l000ekm.jpg&thumbnail=660x2147483647&quality=80&type=jpg', NULL, 4554, NULL);
INSERT INTO `post` VALUES (26, '【观测枢/钢琴】牌还没打明白，BGM先学会了（猫尾酒馆BGM）', '扒谱不难，不过我发现如果这个曲子是真人弹的话一些处理还真的挺精细的，尤其是左手要保持和弦跳音的情况下还夹带着旋律，涉及到Voicing和手指间协调性两个东西，把音弹下来没啥难的，不过加上这个处理还挺适合钢琴新人练习的~ 泡在猫尾酒馆打牌天天就在听这个了，还挺**~', 'messi', 2, 'https://img-blog.csdnimg.cn/20200513213356628.png?x-oss-process=image/watermark,type_ZmFuZ3poZW5naGVpdGk,shadow_10,text_aHR0cHM6Ly9ibG9nLmNzZG4ubmV0L3UwMTMzNTA0OTU=,size_16,color_FFFFFF,t_70', NULL, 43324, NULL);
INSERT INTO `post` VALUES (27, '七圣召唤现在是唯一零氪也能公平对决的构筑卡牌游戏了吧？', '构筑卡牌游戏在规则内是公平的，但是构筑的卡组不公平。\r\n有些卡组需要付出非常多的钱。\r\n所以会有平民卡组，土豪卡组之分。\r\n\r\n\r\n万智牌，游戏王，主流土豪卡组一套就要几千块，想多玩几套可能几万。\r\n炉石传说从零开始组一套土豪卡组也是几千，老玩家攒了几年金币没必要拿来说。\r\n当然平民主流卡组只要几百就行。也有强度，但坏消息是你只能玩着一套不能换着玩了。\r\n影之诗花费很低，但也需要肝。\r\n但七圣召唤0氪金点，肝度低，职业卡直接送，基本都是通用卡。\r\n几天一套，一月全齐。\r\n\r\n\r\n当然现在当然现在卡还比较少，平衡性不够好，还有原神不想把它弄得更有竞技性。', 'neymarl', 2, 'https://img0.baidu.com/it/u=3632937964,1870822655&fm=253&fmt=auto&app=138&f=JPEG?w=800&h=500', NULL, 12345, NULL);
INSERT INTO `post` VALUES (28, '能救一个萌新是一个', '给新入坑的萌新一个建议:千万不要跟风补雷神命座。\r\n现在你缺的是更强力的队友和配队，而不是让单个角色造成更多的伤害。有的命座能大幅改善输出手法那非常建议抽，但有的命座纯纯是加伤害的就不是必要了。尤其后面马上就会复刻一些强力角色(胡桃凌华)，现在全砸进去后面怎么办？碰运气吗\r\n最后建议:只要能在时间结束前通关12-3的可以考虑补雷神命座，其余还是老老实实的看队伍缺什么队友补什么吧。', 'lun', 2, 'https://gimg2.baidu.com/image_search/src=http%3A%2F%2Fsafe-img.xhscdn.com%2Fbw1%2Feba9968e-9163-4d91-ac94-78ea829b5929%3FimageView2%2F2%2Fw%2F1080%2Fformat%2Fjpg&refer=http%3A%2F%2Fsafe-img.xhscdn.com&app=2002&size=f9999,10000&q=a80&n=0&g=0n&fmt=auto?sec=1688604437&t=938bf0a5097de617025eec3886c155b0', NULL, 2123, NULL);
INSERT INTO `post` VALUES (29, '一点点对Niko的看法', '最近Niko表现不算好，关键局犯病这没错，我作为粉丝看着一样生气。\r\n但是，把所有的锅全推给Niko就是正确的了？作为一个突破手，突破失败刷只会送；作为小镇主B，香蕉道打eco杀人算只会特；断个后叫只会六；是不是只有Niko把把扛着沙鹰杀两个突破进点，然后手撕警家大狙，最后快速跑到连接断掉两个保枪的警察才算对得起他的技术？\r\n现在Niko的技术不如从前了，所以就可以把他贬的一无是处？今天翻一下帖子，十个帖子七个是在骂Niko的，剩下两个全是饰品帖，我就想说至于吗？犯错了该骂就骂，打完过去就过去了，赢了比赛大家开心，人家选手之间和和气气的大声喊Nice，倒是某些看不惯的人天天喊着踢踢踢，有意思吗这一段不光针对骂Niko的帖子，所有站在上帝视角一个劲骂的有一个算一个。', '蔡徐坤', 3, 'https://i0.hdslb.com/bfs/archive/a09ca84ac77eddde84f89d3b2cce8b246f36ed5d.jpg', NULL, 1344, NULL);
INSERT INTO `post` VALUES (30, '我超 g2牛逼', '今年最后一个s级赛事 g2已经五年没冠了吧 上一个还是Kennys在的时候拿的 niko在g2的第一个冠军', 'elige', 3, 'https://inews.gtimg.com/newsapp_bt/0/14555320985/1000', NULL, 234, NULL);
INSERT INTO `post` VALUES (31, '完美的普通S是不是真的相当于农的王者0星？', '没别的意思，因为看到S有星星，就不自觉的会对比。众所周知，农刚上王者才是竞技的开始，那么完美也是这样吗？看了一眼自己的战绩和场均数据，感觉目前自己在刚刚上A，2000出头的这个分段，已经到极限了。这样对比的话是不是相当于农只打到了星耀就上不去了？\r\n真心没有嘲讽的意思，甚至是在自嘲。半年多以前接触完美，这个赛季认真上分，打到2000左右的时候明显感觉队友一个短板就完全打不动对面了。所以才产生上面的问题。有个疑问：在S哥眼里A和A+是不是相当于菜鸡互啄。。？\r\n', 's1mple', 3, 'https://img-blog.csdnimg.cn/20200513213356628.png?x-oss-process=image/watermark,type_ZmFuZ3poZW5naGVpdGk,shadow_10,text_aHR0cHM6Ly9ibG9nLmNzZG4ubmV0L3UwMTMzNTA0OTU=,size_16,color_FFFFFF,t_70', NULL, 1233, NULL);
INSERT INTO `post` VALUES (32, '怎么最近都在讨论饰品降价问题，你们都忽略了个很重要', '这不是必然的吗，之前半年热门饰品全线涨上天了，热门皮都是几k几k涨的，现在稍微横个盘往下掉个小一二百就慌的不行，都什么逻辑，真就以为只涨不降，亏钱的肯定是csgo倒闭前最后一批接手的人啊，涨这么多降点这不才是正常的市场？', 'messi', 3, 'https://img-blog.csdnimg.cn/20200513213356628.png?x-oss-process=image/watermark,type_ZmFuZ3poZW5naGVpdGk,shadow_10,text_aHR0cHM6Ly9ibG9nLmNzZG4ubmV0L3UwMTMzNTA0OTU=,size_16,color_FFFFFF,t_70', NULL, 2133, NULL);
INSERT INTO `post` VALUES (33, '救救救救救孩子吧！', '大佬们，这个是以前买的号玩了也有快两年了，里面也买了不少东西，但是昨天一登录发现被自我锁定了，该怎么办啊', 'neymarl', 3, 'https://img-blog.csdnimg.cn/20200513213356628.png?x-oss-process=image/watermark,type_ZmFuZ3poZW5naGVpdGk,shadow_10,text_aHR0cHM6Ly9ibG9nLmNzZG4ubmV0L3UwMTMzNTA0OTU=,size_16,color_FFFFFF,t_70', NULL, 1244, NULL);
INSERT INTO `post` VALUES (34, '出折叠 红线 流浪者匕首', '折叠2040 流浪者匕首2280 红线460走uu私密 打包可以在少一点', '蔡徐坤', 3, 'https://i2.hdslb.com/bfs/archive/6e9beb7368993c41e24adb17ad9819c63698189d.jpg', NULL, 2346, NULL);
INSERT INTO `post` VALUES (35, 'IntelliJ IDEA 2022.3汉化版更新「win/Mac」 ', 'IntelliJ IDEA 2022汉化版是一款强大的Java开发工具，为最大限度地提高开发人员的工作效率而设计，即时和巧妙的代码完成，动态代码分析，为各种其他语言（如SQL，JPQL，HTML，JavaScript等）提供智能编码帮助等强大的功能！\r\n\r\n\r\n\r\n下载：IntelliJ IDEA 2022 Mac版：https://www.macz.com/mac/3674.html?id=ODE3NDU1Jl8mMTAxLjE4LjEzOS4xODI%3D\r\n\r\nIntelliJ IDEA 2022 Win版：https://soft.macxf.com/soft/2709.html?id=Mjk4Njk%3D\r\n\r\n远程开发 BETA ULTIMATE\r\n\r\nIntelliJ IDEA Ultimate 现已支持测试版本的远程开发工作流。 您可以从世界任何地方轻松连接到运行 IntelliJ IDEA 后端的远程计算机。 所有处理都将在这台强大的远程计算机上进行，您将能够像在本地计算机上一样无缝地处理项目。 可以在 IntelliJ IDEA 的欢迎屏幕或通过 Toolbox App 中新增的 JetBrAIns Gateway 应用程序启动此功能。\r\n\r\n此外，您还可以借助 Space 这款整体软件开发管道的一站式平台，创建、预构建、共享、重现、休眠和管理开发环境。\r\n\r\nIDE 问题故障排除\r\n\r\nIntelliJ IDEA 2021.3 能够以一种全新的快速方法诊断和修正导致 IDE 无法正常工作的问题。 如果 IDE 运行不正常，您可以从 File（文件）菜单调用新的 RepAIr IDE…（修复 IDE…）操作。 它将通过一系列步骤引导您解决一些最常见的问题。\r\n\r\nKotlin 的 Constant conditions（常量条件）检查\r\n\r\n我们添加了新的 Constant conditions（常量条件）检查，协助 IntelliJ IDEA 报告静态已知始终为 true、false、null 或零的非普通条件和值。 它的工作方式与 Java 的类似检查相同，并且支持大多数相同的检查。 可以在 Preferences/ Settings | Editor | Inspections | Kotlin | Probable bugs（偏好设置 / 设置 | 编辑器 | 检查 | Kotlin | 可能的错误）中找到这个新检查。\r\n\r\nKotlin 调试器更新\r\n\r\nSmart Step Into（智能步入）\r\n\r\n当您想要调试具有链式方法调用和 lambda 的表达式时，Step Into（步入）操作可以默认提供 Smart Step Into（智能步入）的功能。 它将高亮显示能够步入的方法和 lambda。 要开始使用，请点击位于 Debug（调试）工具窗口顶部窗格中的 Step Into（步入）按钮或使用 F7 快捷键。 然后，IDE 将高亮显示能够步入代码的位置，您可以点击选择所需的行。\r\n\r\n内联堆栈帧\r\n\r\n调试器现在可以检测 Kotlin 内联函数并在堆栈跟踪面板中显示内联函数调用。 您可以导航到这些调用，还可以检查和评估每个帧的变量', 'elige', 9, 'https://img-blog.csdnimg.cn/20200513213356628.png?x-oss-process=image/watermark,type_ZmFuZ3poZW5naGVpdGk,shadow_10,text_aHR0cHM6Ly9ibG9nLmNzZG4ubmV0L3UwMTMzNTA0OTU=,size_16,color_FFFFFF,t_70', NULL, 33, NULL);
INSERT INTO `post` VALUES (36, '火爆全网的 ChatGPT，被微信“封杀”了 ', '小雷昨天看到一则消息，前阵子火爆全网的 AI 自然语言工具 -- ChatGPT 被封杀了。\r\n\r\n有很多网友听到这消息，一时间忍不住鬼哭狼嚎，心想表现如此炸裂的 AI 神器，怎么能刚诞生就被干掉了呢？\r\n\r\n\r\n\r\n小雷前阵子试用过ChatGPT，这 AI 的逻辑能力和理解能力，完全不是以往的小冰和小爱同学能比的。\r\n\r\n而且和人聊天，回答人类的日常问题，还只是ChatGPT的基本操作。\r\n\r\n更多大佬会把它当做生产力辅助工具。\r\n\r\n比如用它来查代码、写邮件、写小说故事，哪怕当做搜索引擎的辅助工具来使用，也是极好的事情。\r\n\r\n因为真有开发者这么干了，有一个叫 \"ChatGPT for Google\" 的插件，就把 AI 的接口放到谷歌搜索旁边。\r\n\r\n图源：Chrome 商店\r\n\r\n当小雷安装完插件后，在搜索引擎搜索任何问题，都能获取两份答案。\r\n\r\n左边是谷歌抓取全网资源，为我显示的一些搜索结果，右边是 ChatGPT 根据我的搜索问题，提供出来的答案。\r\n\r\n还别说，这种搜索方式不仅效率更高，还能更好地分辨信息真假。\r\n\r\n\r\n\r\n图源：Google\r\n\r\n特别是在查代码等专业问题上，ChatGPT 往往能把正确的答案喂到我们嘴里。\r\n\r\n要是在谷歌上搜，弹出来那一大堆网页，都不知道哪个是对的 ...\r\n\r\n当然啦，也仅限于部分垂直场景，这 AI 目前还是很难完全代替搜索引擎的。\r\n\r\n说它是个无比优秀的辅助工具，可能更贴切。', '蔡徐坤', 8, 'https://img-blog.csdnimg.cn/20200513213356628.png?x-oss-process=image/watermark,type_ZmFuZ3poZW5naGVpdGk,shadow_10,text_aHR0cHM6Ly9ibG9nLmNzZG4ubmV0L3UwMTMzNTA0OTU=,size_16,color_FFFFFF,t_70', NULL, 12, NULL);
INSERT INTO `post` VALUES (37, '有大佬知道哪种摄像头可以拍清楚星空吗', '最近想整一台那种能拍清楚星空的摄像头，品牌的话最好是海康或大华的，就是那种超星光的，那种低照度的摄像头，在天空很黑的环境下，可以把天空拍的很亮，很清楚那种摄像头，感谢~\r\n', 's1mple', 10, 'https://img-blog.csdnimg.cn/20200513213356628.png?x-oss-process=image/watermark,type_ZmFuZ3poZW5naGVpdGk,shadow_10,text_aHR0cHM6Ly9ibG9nLmNzZG4ubmV0L3UwMTMzNTA0OTU=,size_16,color_FFFFFF,t_70', NULL, 56, NULL);
INSERT INTO `post` VALUES (38, '菠菜发布的帖子', '菠菜发布的帖子', 'kun', 1, 'https://nimg.ws.126.net/?url=http%3A%2F%2Fdingyue.ws.126.net%2F2023%2F0606%2F9d238367j00rvsyb300j8c000l000dqm.jpg&thumbnail=660x2147483647&quality=80&type=jpg', NULL, 3, NULL);
INSERT INTO `post` VALUES (1151, 'Vue学习之从入门到神经(两万字收藏篇)', '前言\n概述：Vue是一款前端渐进式框架，可以提高前端开发效率。\n\n特点：\n\n​ Vue通过MVVM模式,能够实现视图与模型的双向绑定。\n\n​ 简单来说，就是数据变化的时候, 页面会自动刷新, 页面变化的时候，数据也会自动变化.\n\nVue.js三种安装方式\n此处引荐下大佬的文章 讲的非常详细\nVue.js三种方式安装\n\n一、 Vue导入\n概述：Vue是一个类似于Jquery的一个JS框架，所以，如果想使用Vue，则在当前页面导入Vue.js文件即可。\n\n语法：\n\n<!-- 在线导入 -->\n<!-- 开发环境版本，包含了用帮助的命令行警告 -->\n<script src=\"https://cdn.jsdelivr.net/npm/vue/dist/vue.js\"></script>\n<!-- 生产环境版本，优化了尺寸和速度 -->\n<script src=\"https://cdn.jsdelivr.net/npm/vue\"></script>\n\n<!-- 本地导入 -->\n<script src=\"node_modules/vue/dist/vue.js\"></script>\n1\n2\n3\n4\n5\n6\n7\n8\n案例\n\n<div id=\"app\">\n    <h1>用户名:<input type=\"text\" v-model=\"name\"/></h1> <br/>\n    <h1>您输入的用户名是: {{name}}</h1>\n</div>\n\n<script type=\"text/javascript\">\n    //创建一个Vue对象\n    var app = new Vue({\n        //指定,该对象代表<div id=\"app\">,也就是说,这个div中的所有内容,都被当前的app对象管理\n        el: \"#app\",\n        //定义vue中的数据\n        data: {\n            name: \"\"\n        }\n    });\n</script>\n1\n2\n3\n4\n5\n6\n7\n8\n9\n10\n11\n12\n13\n14\n15\n16\n二、Vue基本语法\n1.钩子函数\n**概述：**钩子函数, 其实就是Vue提前定义好的事件, 其作用类似于Servlet的init方法和distory方法\n\n语法：\n\n<script type=\"text/javascript\">\n    var app = new Vue({\n        el:\"#app\",\n        //钩子函数created,该方法在页面显示之后,自动执行\n        created() {\n            console.log(\"created...\");\n        }\n    });\n</script>\n1\n2\n3\n4\n5\n6\n7\n8\n9\n补充：Vue声明周期和钩子函数\n\n（1）什么是vue生命周期?\n\nVue 实例从创建到销毁的过程，就是生命周期。也就是从开始创建、初始化数据、编译模板、挂载Dom→渲染、更新→渲染、卸载等一系列过程，我们称这是 Vue 的生命周期。\n\n（2）vue生命周期的作用是什么?\n\nVue生命周期中有多个事件钩子，让我们在控制整个Vue实例过程时更容易形成好的逻辑。\n\n（3）vue生命周期总共有几个阶段?\n\n可以总共分为8个阶段：创建前/后, 载入前/后,更新前/后,销毁前/后。\n\n（4）第一次页面加载会触发哪几个钩子?\n\n第一次页面加载时会触发 beforeCreate, created, beforeMount, mounted 这几个钩子\n\n（5）DOM 渲染在 哪个周期中就已经完成?\n\nDOM 渲染在 mounted 中就已经完成了。\n\n（6）简单描述每个周期具体适合哪些场景?\n\n生命周期钩子的一些使用方法：\n\nbeforecreate : 可以在此阶段加loading事件，在加载实例时触发；\n\ncreated : 初始化完成时的事件写在这里，如在这结束loading事件，异步请求也适宜在这里调用；\n\nmounted : 挂载元素，获取到DOM节点；\n\nupdated : 如果对数据统一处理，在这里写上相应函数；\n\nbeforeDestroy : 可以做一个确认停止事件的确认框；\n\nnextTick : 更新数据后立即操作dom；\n\n2. 插值表达式\n**概述：**插值表达式用户把vue中所定义的数据,显示在页面上. 插值表达式允许用户输入\"JS代码片段\"\n\n语法：{{ 变量名/对象.属性名 }}\n\n案例：\n\n<html lang=\"en\">\n<head>\n    <meta charset=\"UTF-8\">\n    <title>vue插值表达式</title>\n    <script src=\"node_modules/vue/dist/vue.js\"></script>\n</head>\n<body>\n    <div id=\"app\">\n        <h1>欢迎来到-->{{ name }}</h1>\n    </div>\n    <script type=\"text/javascript\">\n        //创建vue对象\n        var app = new Vue({\n            //让vue接管div标签\n            el:\"#app\",\n            //定义数据,里边包含一个属性name,值为\"白大锅\"\n            data:{\n                name:\"白大锅\"\n            }\n        });\n    </script>\n</body>\n</html>\n1\n2\n3\n4\n5\n6\n7\n8\n9\n10\n11\n12\n13\n14\n15\n16\n17\n18\n19\n20\n21\n22\n23\n3.显示数据(v-text和v-html)\n概述：\n\n​ v-text和v-html专门用来展示数据, 其作用和插值表达式类似。v-text和v-html可以避免插值闪烁问题.\n\n​ 当网速比较慢时, 使用{{}}来展示数据, 有可能会产生插值闪烁问题。\n\n​ 插值闪烁: 在数据未加载完成时，页面会显示出原始的{{}}, 过一会才会展示正常数据.\n\n语法：\n\nv-text：<span v-text=\"msg\"></span>	<!-- 相当于<span>{{msg}}</span> -->\nv-html：<span v-html=\"msg\"></span>	<!-- 相当于<span>{{msg}}</span> -->\n1\n2\n区别：\n\nv-text：把数据当作纯文本显示.\nv-html：遇到html标签,会正常解析\n1\n2\n4.数据双向绑定数据(v-model)\n概述：\n\n​ Vue的双向绑定可以实现: 数据变化的时候, 页面会自动刷新, 页面变化的时候，数据也会自动变化.\n\n注意：\n\n双向绑定, 只能绑定**“文本框,单选按钮,复选框,文本域,下拉列表”**等\n文本框/单选按钮/textarea, 绑定的数据是字符串类型\n单个复选框, 绑定的是boolean类型\n多个复选框, 绑定的是数组\nselect单选对应字符串，多选对应也是数组\n4.1.绑定文本框\n代码:\n\n<div id=\"app\">\n    用户名: <input type=\"text\" v-model=\"username\"/>\n</div>\n<script type=\"text/javascript\">\n    var app = new Vue({\n        el:\"#app\",\n        data:{\n            //该属性值和文本框的value属性值,保持一致\n            username:\"\"\n        }\n    });\n</script>\n1\n2\n3\n4\n5\n6\n7\n8\n9\n10\n11\n12\n效果:\n\n\n4.2.绑定单个复选框\n代码:\n\n<div id=\"app\">\n    <input type=\"checkbox\" v-model=\"agree\">同意<br>\n</div>\n<script type=\"text/javascript\">\n    var app = new Vue({\n        el:\"#app\",\n        data:{\n            agree:true\n        }\n    });\n</script>\n1\n2\n3\n4\n5\n6\n7\n8\n9\n10\n11\n效果:\n\n\n4.3.绑定多个复选框\n代码:\n\n<div id=\"app\">\n    <input type=\"checkbox\" value=\"Java\" v-model=\"language\">Java<br>\n    <input type=\"checkbox\" value=\"Python\" v-model=\"language\">Python<br>\n    <input type=\"checkbox\" value=\"Swift\" v-model=\"language\">Swift<br>\n</div>\n<script type=\"text/javascript\">\n    var app = new Vue({\n        el:\"#app\",\n        data:{\n            //数组中的值,就是被选中的元素的value属性值\n            language:[\"Java\",\"Python\"]\n        }\n    });\n</script>\n1\n2\n3\n4\n5\n6\n7\n8\n9\n10\n11\n12\n13\n14\n效果:\n\n\n4.4.form表单数据提交\n例子:传json格式跟formData格式的两种情况\n\n<template>\n  <div class=\"from_box\">\n    <form action=\"\">\n      <input type=\"text\"  placeholder=\"请输入昵称\" v-model=\"formMess.account\">\n      <input type=\"password\" placeholder=\"请输入密码\" v-model=\"formMess.act_pwd\">\n      <input type=\"text\" placeholder=\"请输入手机号\" v-model=\"formMess.phone\">\n    </form>\n    <span class=\"but\" @click=\"onSubmit()\">提交</span>\n  </div>\n</template>\n \n<script>\nimport axios from \'axios\';\n \nexport default {\n  name: \"from\",\n  data() {\n    return {\n    	formMess:{\n	    \"account\":\"\",\n	    \"act_pwd\":\"\",\n	    \"phone\":\"\"\n	}\n    };\n  },\n  methods: {\n    onSubmit() {\n      /* json格式提交： */\n      // let formData = JSON.stringify(this.formMess);\n \n      /* formData格式提交： */\n      let formData = new FormData();\n      for(var key in this.formMess){\n        formData.append(key,this.formMess[key]);\n      }\n \n        axios({\n	    method:\"post\",\n	    url:\"xxxxxxx\",\n	    headers: {\n		  \"Content-Type\": \"multipart/form-data\"\n	    },\n	    withCredentials:true,\n	    data:formData\n	}).then((res)=>{\n            console.log(res);\n        });\n    }\n  }\n};\n</script>\n \n<!-- Add \"scoped\" attribute to limit CSS to this component only -->\n<style scoped lang=\"less\">\n.from_box{\n  form{\n    width:90%;\n    margin: auto;\n    border:.01rem solid gray;\n    display: flex;\n    flex-wrap: wrap;\n    input{\n      width:80%;\n      height:.5rem;\n      margin-bottom: .2rem;\n      border:.01rem solid black;\n      height:.5rem;\n    }\n  }\n  .but{\n    font-size: .14rem;\n    margin-left:5%;\n  }\n}\n</style>\n1\n2\n3\n4\n5\n6\n7\n8\n9\n10\n11\n12\n13\n14\n15\n16\n17\n18\n19\n20\n21\n22\n23\n24\n25\n26\n27\n28\n29\n30\n31\n32\n33\n34\n35\n36\n37\n38\n39\n40\n41\n42\n43\n44\n45\n46\n47\n48\n49\n50\n51\n52\n53\n54\n55\n56\n57\n58\n59\n60\n61\n62\n63\n64\n65\n66\n67\n68\n69\n70\n71\n72\n73\n74\n75\n5.事件处理(v-on)\n5.1.事件绑定(v-on)\n概述：\n\n​ Vue中也可以给页面元素绑定事件.\n\n语法：\n\n<!--完整写法-->\n<button v-on:事件名=\"函数名/vue表达式\">点我</button>\n<!--简化写法-->\n<button @事件名=\"函数名/vue表达式\">点我</button>\n1\n2\n3\n4\n注意：\n\n​ Vue支持html中所有已知事件. 如: @click, @submit等, 只不过事件的名字不带on\n\n案例：\n\n<html lang=\"en\">\n<head>\n    <meta charset=\"UTF-8\">\n    <title>vue事件处理</title>\n    <script src=\"node_modules/vue/dist/vue.js\"></script>\n</head>\n<body>\n    <div id=\"app\">\n        <button @click=\"show\">点我</button>\n    </div>\n    <script type=\"text/javascript\">\n        //创建vue对象\n        var app = new Vue({\n            //获取id为app的元素,该元素被vue对象所管理.只有被vue对象管理的标签,其内部才允许书写vue语法\n            el:\"#app\",\n            //定义vue的方法\n            methods:{\n                //定义show方法,弹出提示框\n                show() {\n                    alert(\"Hello Vue!!!\");\n                }\n            }\n        });\n    </script>\n</body>\n</html>\n1\n2\n3\n4\n5\n6\n7\n8\n9\n10\n11\n12\n13\n14\n15\n16\n17\n18\n19\n20\n21\n22\n23\n24\n25\n26\n5.2.事件修饰符\n**概述：**事件修饰符主要对事件的发生范围进行限定\n\n语法：\n\n<button @事件名.事件修饰符=\"函数名/vue表达式\">点我</button>\n1\n分类：\n\n.stop ：阻止事件冒泡, 也就是当前元素发生事件,但当前元素的父元素不发生该事件\n.prevent ：阻止默认事件发生\n.capture ：使用事件捕获模式, 主动获取子元素发生事件, 把获取到的事件当自己的事件执行\n.self ：只有元素自身触发事件才执行。（冒泡或捕获的都不执行）\n.once ：只执行一次\n1\n2\n3\n4\n5\n案例：\n\n<html lang=\"en\">\n<head>\n    <meta charset=\"UTF-8\">\n    <title>vue事件处理</title>\n    <script src=\"node_modules/vue/dist/vue.js\"></script>\n</head>\n<body>\n    <div id=\"app\">\n        <button @click=\"show\">点我</button>\n    </div>\n    <script type=\"text/javascript\">\n        //创建vue对象\n        var app = new Vue({\n            //获取id为app的元素,该元素被vue对象所管理.只有被vue对象管理的标签,其内部才允许书写vue语法\n            el:\"#app\",\n            //定义vue的方法\n            methods:{\n                //定义show方法,弹出提示框\n                show() {\n                    alert(\"Hello Vue!!!\");\n                }\n            }\n        });\n    </script>\n</body>\n</html>\n1\n2\n3\n4\n5\n6\n7\n8\n9\n10\n11\n12\n13\n14\n15\n16\n17\n18\n19\n20\n21\n22\n23\n24\n25\n26\n6.循环遍历(v-for)\n6.1.遍历数组\n语法：\n\nv-for=\"item in items\"\nv-for=\"(item,index) in items\"\n1\n2\nitems：要迭代的数组\nitem：存储数组元素的变量名\nindex：迭代到的当前元素索引，从0开始。\n代码：\n\n<div id=\"app\">\n	<ul>\n        <li v-for=\"(user, index) in users\">\n        	{{index}}--{{user.name}}--{{user.age}}--{{user.gender}}\n        </li>\n	</ul>\n</div>\n<script>\n    var app = new Vue({\n        el:\"#app\",//el即element，要渲染的页面元素\n        data: {\n            users:[\n                {\"name\":\"白卓冉\",\"age\":8,\"gender\":\"男\"},\n                {\"name\":\"白大锅\",\"age\":12,\"gender\":\"女\"},\n                {\"name\":\"白仙女\",\"age\":4,\"gender\":\"男\"}\n            ]\n        }\n    });\n</script>\n1\n2\n3\n4\n5\n6\n7\n8\n9\n10\n11\n12\n13\n14\n15\n16\n17\n18\n19\n6.2.遍历对象\n语法：\n\nv-for=\"value in object\"\nv-for=\"(value,key) in object\"\nv-for=\"(value,key,index) in object\"\n1\n2\n3\nvalue，对象的值\nkey， 对象的键\nindex, 索引，从0开始\n代码：\n\n<div id=\"app\">\n	<ul>\n        <li v-for=\"(value,key,index) in person\">\n        	{{index}}--{{key}}--{{value}}\n        </li>\n	</ul>\n</div>\n<script>\n    var app = new Vue({\n        el:\"#app\",//el即element，要渲染的页面元素\n        data: {\n            person:{\"name\":\"白大锅\", \"age\":3, \"address\":\"中国\"}\n        }\n    });\n</script>\n1\n2\n3\n4\n5\n6\n7\n8\n9\n10\n11\n12\n13\n14\n15\n6.3.key\n概述：\n\n​ :key 一般配合v-for一起使用. 用来在特定情况下, 保证被遍历的数组中的元素的顺序.\n\n案例:\n\n<div id=\"app\">\n    <button @click=\"add\">添加</button>\n    <ul>\n        <li v-for=\"name in list\">\n            <input type=\"checkbox\"> {{name}}\n        </li>\n    </ul>\n</div>\n<script>\n    var app = new Vue({\n        el: \'#app\',\n        data: {\n            list: [\"孙悟空\", \"猪八戒\", \"沙和尚\"]\n        },\n        methods: {\n            add() {\n                //注意这里是unshift,向数组的头部添加一个元素\n                this.list.unshift(\"唐僧\");\n            }\n        }\n    });\n</script>\n1\n2\n3\n4\n5\n6\n7\n8\n9\n10\n11\n12\n13\n14\n15\n16\n17\n18\n19\n20\n21\n22\n效果:\n\n解决方案:\n\n<div id=\"app\">\n    <button @click=\"add\">添加</button>\n    <ul>\n        <!-- 添加:key即可. 注意,key中的值必须是唯一且不会改变的值-->\n        <li v-for=\"name in list\" :key=\"name\">\n            <input type=\"checkbox\"> {{name}}\n        </li>\n    </ul>\n</div>\n1\n2\n3\n4\n5\n6\n7\n8\n9\n7.判断语法(v-if和v-show)\n概述：\n\nv-if与v-show可以根据条件的结果,来决定是否显示指定内容.\n\n​ v-if: 条件不满足时, 元素不会存在.\n\n​ v-show: 条件不满足时, 元素不会显示(但仍然存在).\n\n案例：\n\n<div id=\"app\">\n	<button @click=\"show = !show\">点我</button>\n	<h1 v-if=\"show\">Hello v-if.</h1>\n    <h1 v-show=\"show\">Hello v-show.</h1>\n</div>\n<script>\n    var app = new Vue({\n        el:\"#app\",\n        data: {\n        	show:true\n        }\n    });\n</script>\n1\n2\n3\n4\n5\n6\n7\n8\n9\n10\n11\n12\n13\n8.显示数据(v-bind)\n概述：\n\nv-bind的作用和插值表达式差不多, 只不过, v-bind主要用于动态设置标签的属性值\n\n语法：\n\n<!--完整写法-->\n<标签名 v-bind:标签属性名=\"vue实例中的数据属性名\"/>\n<!--简化写法-->\n<标签名 :标签属性名=\"vue实例中的数据属性名\"/>\n1\n2\n3\n4\n案例：\n\n<div id=\"app\">\n    <input type=\"button\" :value=\"msg\"/>\n</div>\n<script type=\"text/javascript\">\n    var app = new Vue({\n        el:\"#app\",\n        data:{\n           msg:\"我是按钮\"\n        }\n    });\n\n</script>\n1\n2\n3\n4\n5\n6\n7\n8\n9\n10\n11\n12\n9.Vue页面跳转(两种方法)\n9.1.方法一(标签实现)\n<router-link :to=\"{name: \'bookshelf\', params: { entityId: this.entityId } }\"\n             :class=\"{\'flex-item-1\':\'flex-item-1\',cur:tabs[0].isShow}\" href=\"javascript:\">\n              <span class=\"tabNav-ico tabNav-book\"></span>\n              <span class=\"tabNav-txt\">书 架</span>\n\n</router-link>\n1\n2\n3\n4\n5\n6\n9.1.方法二(this.$router.push()实现)\n当this.$router.push()只有一个参数时 默认为跳转地址 最多可传两个参数 第二个参数为地址参数\n\n<a @click=\"toIndex\" :class=\"{\'flex-item-1\':\'flex-item-1\',cur:tabs[2].isShow}\" href=\"javascript:\">\n      <span class=\"tabNav-ico tabNav-home\"></span>\n      <span class=\"tabNav-txt\">首 页</span>\n\n</a>\n\ntoIndex: function(){\n        this.$router.push(\"/?entityId=\"+ localStorage.getItem(\"entityId\"));\n\n}\r\n————————————————\r\n版权声明：本文为CSDN博主「白大锅」的原创文章，遵循CC 4.0 BY-SA版权协议，转载请附上原文出处链接及本声明。\r\n原文链接：https://blog.csdn.net/weixin_45735355/article/details/118931768', '蔡徐坤', 5, 'https://img-blog.csdnimg.cn/153aaa8f8a564bd1a80071e400383f7c.png?x-oss-process=image/watermark,type_d3F5LXplbmhlaQ,shadow_50,text_Q1NETiBA6ZGrNzA5,size_20,color_FFFFFF,t_70,g_se,x_16', '2023-05-31 17:16:56', 55555, 0);
INSERT INTO `post` VALUES (1152, '原神：七大元素众多五星角色满命后谁最强？命座战神你有几个？ ', '各位玩家大家好，欢迎来到游视姬！这里提供原神最新的前瞻资讯及玩法攻略，感谢您的关注！\r\n\r\n原神中七大元素的各五星角色，哪个角色满命后最强呢?这里整理了下，看看和你想的一样吗？\r\n\r\n水系——夜兰\r\n\r\n夜兰满命后再次增加了夜兰大招，简单来说就是满命夜兰开大后，前5次普通攻击都会转化成类似于重击一样的水箭，并且这个水箭伤害是重击水箭伤害的156%，这让夜兰输出恐怖，而且还是一个脱手角色，要增伤有增伤，要伤害有伤害，大招后的重击打击感非常强，伤害直接溢满屏幕。玩夜兰的玩家建议抽取命座为1命、2命、6命，各自都有非常大的提升。\r\n\r\n\r\n\r\n风系——流浪者\r\n\r\n流浪者满命后将额外提供一次40%攻击力的攻击，以及回复元素战技的空居力，就是提升元素战技浮空的时间但需要普攻激活，最高叠5次。这让本是大世界和深渊有着顶级体验的散兵伤害更加逆天，而且输出及操作极其简单，浮空无脑普攻就可以。玩散兵这个角色抽取命座建议2命和6命。\r\n\r\n\r\n\r\n冰系——甘雨\r\n\r\n甘雨满命后瞬发箭增加射箭数，强化了1命的回能，这使得甘雨不需要堆充能，在大世界也可以随便开大。另外甘雨满命提供了速切，爆发，以及快速减抗能力，增强了吃拐能力，是很有意思的设计，可以满命后直接触决了低命需要蓄力，出伤慢的缺点，改变了玩法和机制，算的上是没有任何短板的角色了，玩甘雨这个角色的话抽命座性价比最高的是1命，6命提升最大。\r\n\r\n\r\n\r\n草系——小草神\r\n\r\n小草神满命后，在普通攻击或重击命中处于所闻遍计的蕴种印连结中的敌人时，将对该敌人及其所处连结中的所有敌人释放业障除，基于纳西妲攻击力的200%与元素精通的400%，造成草元素伤害。简单来说就是在开启大招之后，接下来的6次普攻都可以触发来净三业的效果，不仅提升了自身的输出，还提高了对群的能力，这个是让小草神直接质变的命座，可由辅助转化为主C，玩小草神的话平民0命即可，抽命座的话2命最好，6命质变。\r\n\r\n\r\n\r\n雷系——八重神子\r\n\r\n八重神子是一位被拆分命座的“氪金战士”，从命座的增益效果可以看到，她是存在作为主C能力的，但是核心能力都被拆进命座中。八重神子满命后杀生樱在攻击时无视敌人60%的防御力，让这八重神子输出能力极强，随便一个大招就能几十万的伤害。总的来讲想要搭配八重神子进入队伍的玩家，可以选择抽到1命，真爱党选择抽到6命则可以有自动化高伤害打怪体验，大世界和深渊都非常好用，抽命座的话1命性价比最高，6命大幅提升。\r\n\r\n\r\n\r\n岩系——荒泷一斗\r\n\r\n荒泷一斗满命后重击的暴击伤害提高70%;此外，施展「荒泷逆袈裟」时，有50%的几率不消耗「乱神之怪力」，高额的伤害加上简单的操作方式，玩起来暴力又解压。不过荒泷一斗不足的地方在于，第一个是需要队友提供充能，第二个是需要队友提供增伤辅助。因此，荒泷对队友的要求很高，如果想要培养荒泷一斗的话，至少需要拥有“五郎+阿贝多”，也就是说，如果你想抽荒泷一斗，最好先去抽一个阿贝多，另外抽命座的话推荐2命、6命。\r\n\r\n\r\n\r\n火系——宵宫\r\n\r\n宵宫满命后在焰硝庭火舞的持续期间内，宵宫主动进行普通攻击时，有50%几率发射一枚额外的炽焰箭，造成原本60%的伤害，直接让宵宫化身加特林，玩的时候只要开E之后无脑A就行了，特别爽，宵宫6命是质变，玩宵宫这个角色的话，命座推荐要么0命要么6命。\r\n\r\n\r\n\r\n以上为角色满命后在七大元素中最强的角色，但实际中因为抽到满命成本太高，一般只抽性价比最高的命座，组成强势阵容即可。\r\n\r\n关注游视姬，让我们一起从不同视角来看游戏的方方面面。', '春日簿', 2, 'https://pic1.zhimg.com/v2-906d173d60bc6c4c06d27e4919a02de7_1440w.jpg?source=172ae18b', '2023-05-31 17:21:07', 66668, 0);

-- ----------------------------
-- Table structure for vip
-- ----------------------------
DROP TABLE IF EXISTS `vip`;
CREATE TABLE `vip`  (
  `id` int(10) NOT NULL AUTO_INCREMENT,
  `name` varchar(20) CHARACTER SET utf8 COLLATE utf8_general_ci NULL DEFAULT NULL,
  `password` varchar(20) CHARACTER SET utf8 COLLATE utf8_general_ci NULL DEFAULT NULL,
  `phone` varchar(20) CHARACTER SET utf8 COLLATE utf8_general_ci NULL DEFAULT NULL,
  `mail` varchar(20) CHARACTER SET utf8 COLLATE utf8_general_ci NULL DEFAULT NULL,
  `touxiang` varchar(2000) CHARACTER SET utf8 COLLATE utf8_general_ci NULL DEFAULT NULL COMMENT '头像',
  `concern_num` int(10) NULL DEFAULT NULL COMMENT '关注数',
  `fens_num` int(10) NULL DEFAULT NULL COMMENT '粉丝数',
  PRIMARY KEY (`id`) USING BTREE
) ENGINE = InnoDB AUTO_INCREMENT = 23 CHARACTER SET = utf8 COLLATE = utf8_general_ci ROW_FORMAT = Dynamic;

-- ----------------------------
-- Records of vip
-- ----------------------------
INSERT INTO `vip` VALUES (1, '杨槟成', '123456', '134563242', '123@qq.com', 'https://c-ssl.duitang.com/uploads/blog/202103/14/20210314100504_93847.jpg', NULL, 101);
INSERT INTO `vip` VALUES (2, '徐俊伟', '123456', '134563242', '123@qq.com', 'https://profile-avatar.csdnimg.cn/bc60265169604f38b3166b99296886d7_w947966.jpg', NULL, 10);
INSERT INTO `vip` VALUES (3, '蔡徐坤', '123456', '134563242', '123@qq.com', 'https://c-ssl.duitang.com/uploads/blog/202103/14/20210314100504_93847.jpg', NULL, 10);
INSERT INTO `vip` VALUES (4, 'elige', '123456', '134563242', '123@qq.com', 'https://c-ssl.duitang.com/uploads/blog/202103/14/20210314100504_93847.jpg', NULL, 101);
INSERT INTO `vip` VALUES (5, 's1mple', '123456', '134563242', '123@qq.com', 'https://c-ssl.duitang.com/uploads/blog/202103/14/20210314100504_93847.jpg', NULL, 1010);
INSERT INTO `vip` VALUES (6, 'messi', '123456', '134563242', '123@qq.com', 'https://c-ssl.duitang.com/uploads/blog/202103/14/20210314100504_93847.jpg', NULL, 111);
INSERT INTO `vip` VALUES (7, 'neymarl', '123456', '134563242', '123@qq.com', 'https://c-ssl.duitang.com/uploads/blog/202103/14/20210314100504_93847.jpg', NULL, 11);
INSERT INTO `vip` VALUES (8, 'lun', '123456', '134563242', '123@qq.com', 'https://c-ssl.duitang.com/uploads/blog/202103/14/20210314100504_93847.jpg', NULL, 0);
INSERT INTO `vip` VALUES (9, 'kun', '123456', '134563242', '123@qq.com', 'https://c-ssl.duitang.com/uploads/blog/202103/14/20210314100504_93847.jpg', NULL, 1010);
INSERT INTO `vip` VALUES (10, 'siaoming', '123456', '134563242', '123@qq.com', 'https://c-ssl.duitang.com/uploads/blog/202103/14/20210314100504_93847.jpg', NULL, 101);
INSERT INTO `vip` VALUES (11, 'zhangsan', '123456', '134563242', '123@qq.com', 'https://c-ssl.duitang.com/uploads/blog/202103/14/20210314100504_93847.jpg', NULL, NULL);
INSERT INTO `vip` VALUES (12, 'lisi', '123456', '134563242', '123@qq.com', 'https://c-ssl.duitang.com/uploads/blog/202103/14/20210314100504_93847.jpg', NULL, NULL);
INSERT INTO `vip` VALUES (13, '刘培茄', '123456', '134563242', '123@qq.com', 'https://c-ssl.duitang.com/uploads/blog/202103/14/20210314100504_93847.jpg', NULL, NULL);
INSERT INTO `vip` VALUES (14, '张三', '123456', '134563242', '123@qq.com', 'https://c-ssl.duitang.com/uploads/blog/202103/14/20210314100504_93847.jpg', NULL, NULL);
INSERT INTO `vip` VALUES (15, '李四', '123456', '134563242', '123@qq.com', 'https://c-ssl.duitang.com/uploads/blog/202103/14/20210314100504_93847.jpg', NULL, NULL);
INSERT INTO `vip` VALUES (16, '王五', '123456', '134563242', '123@qq.com', 'https://c-ssl.duitang.com/uploads/blog/202103/14/20210314100504_93847.jpg', NULL, NULL);
INSERT INTO `vip` VALUES (17, '赵六', '123456', '134563242', '123@qq.com', 'https://c-ssl.duitang.com/uploads/blog/202103/14/20210314100504_93847.jpg', NULL, NULL);
INSERT INTO `vip` VALUES (18, '王八', '123456', '134563242', '123@qq.com', 'https://c-ssl.duitang.com/uploads/blog/202103/14/20210314100504_93847.jpg', NULL, NULL);
INSERT INTO `vip` VALUES (19, '成龙', '123456', '134563242', '123@qq.com', 'https://c-ssl.duitang.com/uploads/blog/202103/14/20210314100504_93847.jpg', NULL, NULL);
INSERT INTO `vip` VALUES (20, '陈姐', '123456', '134563242', '123@qq.com', 'https://c-ssl.duitang.com/uploads/blog/202103/14/20210314100504_93847.jpg', NULL, NULL);
INSERT INTO `vip` VALUES (22, '春日簿', '123456', '134563242', '123@qq.com', 'https://profile-avatar.csdnimg.cn/bc60265169604f38b3166b99296886d7_w947966.jpg', 20, 558);

SET FOREIGN_KEY_CHECKS = 1;
